ssr_weight,production_per_person_weight,spearman_country_rank_vs_50_50,margin_min_category1_minus_max_category2,margin_min_category2_minus_max_category3,margin_min_flexible1_minus_max_category3,margin_min_category1_minus_max_flexible2,all_category_constraints_pass
0.0,1.0,0.9109627664153365,-0.051724137931034475,-0.4827586206896552,0.27586206896551724,-0.06896551724137934,False
0.01,0.99,0.9120035655499908,-0.049827586206896535,-0.48310344827586205,0.27724137931034487,-0.06775862068965521,False
0.02,0.98,0.9120035655499908,-0.047931034482758594,-0.48344827586206907,0.2786206896551723,-0.06655172413793098,False
0.03,0.97,0.9120035655499908,-0.046034482758620654,-0.48379310344827586,0.2799999999999999,-0.06534482758620674,False
0.04,0.96,0.9120035655499908,-0.044137931034482936,-0.48413793103448277,0.28137931034482766,-0.06413793103448295,False
0.05,0.95,0.9120035655499908,-0.042241379310344884,-0.4844827586206896,0.2827586206896552,-0.06293103448275872,False
0.06,0.94,0.9120035655499908,-0.040344827586206944,-0.4848275862068965,0.2841379310344828,-0.061724137931034484,False
0.07,0.9299999999999999,0.9120035655499908,-0.038448275862069003,-0.48517241379310344,0.28551724137931034,-0.06051724137931036,False
0.08,0.92,0.9133385305154214,-0.03655172413793106,-0.4855172413793104,0.28689655172413786,-0.059310344827586126,False
0.09,0.91,0.9133385305154214,-0.03465517241379312,-0.4858620689655173,0.2882758620689655,-0.05810344827586211,False
0.1,0.9,0.9243435692033825,-0.03275862068965518,-0.4862068965517241,0.2896551724137931,-0.05689655172413788,False
0.11,0.89,0.9320280400314495,-0.030862068965517242,-0.48655172413793113,0.29103448275862054,-0.055689655172413755,False
0.12,0.88,0.9329180166750699,-0.0289655172413793,-0.486896551724138,0.29241379310344817,-0.05448275862068974,False
0.13,0.87,0.9329180166750699,-0.027068965517241583,-0.48724137931034484,0.2937931034482759,-0.05327586206896573,False
0.14,0.86,0.9329180166750699,-0.02517241379310331,-0.4875862068965518,0.29517241379310344,-0.05206896551724127,False
0.15,0.85,0.9329180166750699,-0.02327586206896559,-0.48793103448275865,0.29655172413793096,-0.05086206896551726,False
0.16,0.84,0.9329180166750699,-0.02137931034482765,-0.48827586206896556,0.2979310344827586,-0.04965517241379325,False
0.17,0.83,0.9355879466059311,-0.0194827586206896,-0.4886206896551724,0.2993103448275862,-0.0484482758620689,False
0.18,0.8200000000000001,0.9373678998931719,-0.01758620689655166,-0.4889655172413794,0.30068965517241375,-0.04724137931034478,False
0.19,0.81,0.9395928415022229,-0.01568965517241383,-0.48931034482758634,0.3020689655172414,-0.046034482758620654,False
0.2,0.8,0.942485265593989,-0.01379310344827589,-0.4896551724137932,0.303448275862069,-0.04482758620689653,False
0.21,0.79,0.942485265593989,-0.01189655172413795,-0.49000000000000005,0.30482758620689654,-0.04275862068965519,False
0.22,0.78,0.9487151020993317,-0.010000000000000009,-0.4903448275862069,0.3062068965517242,-0.042068965517241375,False
0.23,0.77,0.949382584582047,-0.008103448275861957,-0.4906896551724139,0.3075862068965517,-0.04241379310344828,False
0.24,0.76,0.9524975028347183,-0.006206896551724239,-0.4910344827586207,0.3089655172413792,-0.0427586206896553,False
0.25,0.75,0.9540447371847287,-0.004310344827586299,-0.4913793103448276,0.31034482758620685,-0.04310344827586221,False
0.26,0.74,0.9618422575927323,-0.0024137931034482474,-0.4917241379310345,0.3110344827586208,-0.0434482758620689,False
0.27,0.73,0.965402164167214,-0.000517241379310418,-0.49206896551724144,0.3117241379310344,-0.043793103448275916,False
0.28,0.72,0.9662921408108345,0.0013793103448275223,-0.4924137931034483,0.3124137931034483,-0.044137931034482825,False
0.29,0.71,0.9674046116153598,0.0032758620689654627,-0.49275862068965515,0.313103448275862,-0.04448275862068973,False
0.3,0.7,0.9682945882589802,0.005172413793103514,-0.49310344827586206,0.3137931034482758,-0.04482758620689653,False
0.31,0.69,0.9718544948334619,0.0070689655172412325,-0.493448275862069,0.31448275862068953,-0.04517241379310355,False
0.32,0.6799999999999999,0.9761904761904764,0.008965517241379173,-0.49379310344827587,0.31517241379310335,-0.04551724137931057,False
0.33,0.6699999999999999,0.9776393430169944,0.010862068965517224,-0.4941379310344827,0.3158620689655173,-0.045862068965517255,False
0.34,0.6599999999999999,0.9785293196606148,0.013103448275861962,-0.4944827586206897,0.3168965517241379,-0.046206896551724164,False
0.35,0.65,0.9798642846260454,0.01551724137931021,-0.49482758620689654,0.3181034482758621,-0.04655172413793107,False
0.36,0.64,0.9825342145569064,0.017931034482758568,-0.4951724137931035,0.31931034482758613,-0.04689655172413798,False
0.37,0.63,0.9825342145569064,0.020344827586206926,-0.4955172413793104,0.32051724137931026,-0.04724137931034489,False
0.38,0.62,0.9825342145569064,0.022758620689655062,-0.49586206896551727,0.3217241379310345,-0.0475862068965518,False
0.39,0.61,0.9829792028787165,0.02517241379310331,-0.4962068965517241,0.3229310344827587,-0.047931034482758705,False
0.4,0.6,0.9852041444877675,0.027586206896551668,-0.4965517241379311,0.32413793103448274,-0.0482758620689655,False
0.41,0.5900000000000001,0.9887640510622491,0.030000000000000027,-0.49689655172413805,0.32534482758620675,-0.047758620689655196,False
0.42,0.5800000000000001,0.9900990160276796,0.03241379310344816,-0.4972413793103449,0.326551724137931,-0.04724137931034489,False
0.43,0.5700000000000001,0.993213934280351,0.03482758620689641,-0.49758620689655175,0.3277586206896551,-0.04672413793103458,False
0.44,0.56,0.995438875889402,0.03724137931034477,-0.49793103448275877,0.32896551724137924,-0.046206896551724164,False
0.45,0.55,0.9958838642112122,0.039655172413793016,-0.4982758620689655,0.33017241379310347,-0.04568965517241397,False
0.46,0.54,0.9958838642112122,0.042068965517241375,-0.4986206896551725,0.3313793103448275,-0.04517241379310344,False
0.47,0.53,0.9985537941420735,0.04448275862068951,-0.49896551724137933,0.3325862068965517,-0.04465517241379313,False
0.48,0.52,0.9985537941420735,0.04689655172413787,-0.4993103448275862,0.33379310344827584,-0.044137931034482825,False
0.49,0.51,0.9994437707856938,0.04931034482758612,-0.49965517241379315,0.33499999999999996,-0.04362068965517252,False
0.5,0.5,1.0,0.051724137931034475,-0.5,0.3362068965517241,-0.0431034482758621,False
0.51,0.49,0.999888759107504,0.053448275862068906,-0.5003448275862069,0.3370689655172414,-0.043965517241379315,False
0.52,0.48,0.9994437707856938,0.055172413793103336,-0.5006896551724138,0.3379310344827585,-0.04482758620689664,False
0.53,0.47,0.9994437707856938,0.05689655172413788,-0.5010344827586207,0.33879310344827585,-0.045689655172413746,False
0.54,0.45999999999999996,0.9985537941420735,0.05862068965517242,-0.5013793103448276,0.33965517241379306,-0.04655172413793096,False
0.55,0.44999999999999996,0.9981088058202632,0.06034482758620696,-0.5017241379310345,0.3405172413793103,-0.04741379310344829,False
0.56,0.43999999999999995,0.9981088058202632,0.06206896551724128,-0.5020689655172413,0.3413793103448277,-0.0482758620689655,False
0.57,0.43000000000000005,0.9967738408548326,0.06379310344827571,-0.5024137931034482,0.3422413793103448,-0.04913793103448272,False
0.58,0.42000000000000004,0.9936589226021613,0.06551724137931014,-0.5089655172413793,0.336896551724138,-0.04896551724137943,False
0.59,0.41000000000000003,0.9923239576367308,0.0672413793103448,-0.5165517241379309,0.3305172413793104,-0.04862068965517241,False
0.6,0.4,0.9922118380062308,0.06896551724137945,-0.5241379310344828,0.32413793103448274,-0.04827586206896539,False
0.61,0.39,0.9918789693149205,0.07068965517241366,-0.5317241379310345,0.3177586206896553,-0.04879310344827603,False
0.62,0.38,0.9896540277058695,0.0724137931034482,-0.5393103448275862,0.3113793103448276,-0.04931034482758623,False
0.63,0.37,0.9887640510622491,0.07413793103448274,-0.5468965517241379,0.30500000000000005,-0.049827586206896424,False
0.64,0.36,0.9878740744186287,0.07586206896551728,-0.5544827586206896,0.2986206896551724,-0.05034482758620684,False
0.65,0.35,0.9865391094531981,0.0775862068965516,-0.5620689655172414,0.2922413793103449,-0.05086206896551726,False
0.66,0.33999999999999997,0.9847591561659573,0.07931034482758614,-0.569655172413793,0.28586206896551725,-0.05137931034482757,False
0.67,0.32999999999999996,0.9825342145569064,0.08103448275862069,-0.5772413793103448,0.2794827586206896,-0.051896551724137874,False
0.68,0.31999999999999995,0.9825342145569064,0.08275862068965512,-0.5848275862068966,0.2731034482758621,-0.05241379310344829,False
0.69,0.31000000000000005,0.9794192963042353,0.08448275862068966,-0.5924137931034482,0.26672413793103456,-0.0529310344827586,False
0.7,0.30000000000000004,0.9794192963042353,0.08620689655172398,-0.6,0.2603448275862069,-0.05344827586206902,False
0.71,0.29000000000000004,0.9794192963042353,0.08793103448275852,-0.6075862068965517,0.2539655172413793,-0.053965517241379324,False
0.72,0.28,0.9794192963042353,0.08965517241379306,-0.6151724137931034,0.24758620689655175,-0.05448275862068963,False
0.73,0.27,0.9794192963042353,0.0913793103448276,-0.6227586206896552,0.24120689655172411,-0.05499999999999994,False
0.74,0.26,0.9794192963042353,0.09310344827586192,-0.6303448275862068,0.2348275862068967,-0.055517241379310356,False
0.75,0.25,0.9788583570112036,0.09482758620689657,-0.6379310344827587,0.22844827586206895,-0.05603448275862066,False
0.76,0.24,0.9778618371778997,0.09724137931034471,-0.6455172413793103,0.2220689655172413,-0.055862068965517375,False
0.77,0.22999999999999998,0.9778618371778997,0.09965517241379307,-0.6531034482758621,0.21568965517241379,-0.055689655172413866,False
0.78,0.21999999999999997,0.9778618371778997,0.10206896551724132,-0.6606896551724137,0.20931034482758626,-0.055517241379310356,False
0.79,0.20999999999999996,0.9725219773161772,0.10448275862068956,-0.6682758620689656,0.2029310344827585,-0.05534482758620696,False
0.8,0.19999999999999996,0.9715175789942149,0.1068965517241377,-0.6758620689655173,0.1965517241379311,-0.05517241379310367,False
0.81,0.18999999999999995,0.9702970357071262,0.10844827586206884,-0.683448275862069,0.19103448275862056,-0.055862068965517264,False
0.82,0.18000000000000005,0.9645121875235936,0.1100000000000001,-0.6910344827586208,0.18551724137931025,-0.05655172413793097,False
0.83,0.17000000000000004,0.9631772225581631,0.11155172413793091,-0.6986206896551723,0.18000000000000005,-0.0572413793103449,False
0.84,0.16000000000000003,0.9596173159836815,0.11310344827586205,-0.7062068965517242,0.17448275862068963,-0.0579310344827586,False
0.85,0.15000000000000002,0.9596173159836815,0.11465517241379308,-0.7137931034482757,0.16896551724137943,-0.05862068965517242,False
0.86,0.14,0.9596173159836815,0.11620689655172411,-0.7213793103448276,0.163448275862069,-0.05931034482758624,False
0.87,0.13,0.9569473860528203,0.11775862068965504,-0.7289655172413794,0.1579310344827587,-0.06000000000000005,False
0.88,0.12,0.9542774561219591,0.11931034482758618,-0.736551724137931,0.15241379310344816,-0.06068965517241387,False
0.89,0.10999999999999999,0.9498275729038571,0.12086206896551721,-0.7441379310344828,0.14689655172413785,-0.061379310344827576,False
0.9,0.09999999999999998,0.9498275729038571,0.12241379310344835,-0.7517241379310345,0.14137931034482742,-0.0620689655172415,False
0.91,0.08999999999999997,0.9453776896857554,0.12396551724137927,-0.7593103448275862,0.13586206896551722,-0.06275862068965521,False
0.92,0.07999999999999996,0.9431527480767046,0.12551724137931042,-0.766896551724138,0.1303448275862068,-0.06344827586206891,False
0.93,0.06999999999999995,0.9395928415022229,0.12706896551724123,-0.7744827586206896,0.1248275862068966,-0.06413793103448295,False
0.94,0.06000000000000005,0.9378128882149821,0.12862068965517248,-0.7820689655172413,0.11931034482758629,-0.06482758620689655,False
0.95,0.050000000000000044,0.9378128882149821,0.1301724137931033,-0.789655172413793,0.11379310344827598,-0.06551724137931036,False
0.96,0.040000000000000036,0.9360329349277412,0.13172413793103455,-0.7972413793103449,0.10827586206896556,-0.06620689655172418,False
0.97,0.030000000000000027,0.9360329349277412,0.13327586206896536,-0.8048275862068964,0.10275862068965524,-0.066896551724138,False
0.98,0.020000000000000018,0.9360329349277412,0.1348275862068966,-0.8124137931034483,0.09724137931034471,-0.06758620689655159,False
0.99,0.010000000000000009,0.9360329349277412,0.13637931034482742,-0.8199999999999998,0.09172413793103462,-0.06827586206896563,False
1.0,0.0,0.9342383500586638,0.13793103448275856,-0.8275862068965517,0.08620689655172409,-0.06896551724137934,False
