iso3,country,year,legacy_category,capacity_v2_rank_50_50,capacity_v2_rank_legacy_56_44,capacity_v2_minmax_50_50,ssr_percentile_rank,production_per_person_percentile_rank,arable_land_hectares_per_person,electricity_access_pct,female_agricultural_employment_pct,fertilizer_consumption_kg_per_hectare_arable_land,rural_population_growth_pct,rural_population_pct
ARG,Argentina,2010,category_1,0.982758620689655,0.984787018255578,0.933574370569179,1,0.96551724137931,0.92042388165632,98.8,4.09286259978896,39.1580160565849,-0.836371199274107,9.00699480590229
ARG,Argentina,2011,category_1,0.982758620689655,0.984787018255578,0.977564401947837,1,0.96551724137931,0.925614404373188,99,4.1004172714728,41.884276338783,-0.211551189460391,8.89277132615941
ARG,Argentina,2012,category_1,0.96551724137931,0.969574036511156,0.923629649007622,1,0.931034482758621,0.939783743647466,99.1,3.99424220700286,34.6406749632157,-0.0678751414628083,8.79587827532031
ARG,Argentina,2013,category_1,0.982758620689655,0.984787018255578,0.94193564791769,1,0.96551724137931,0.925059393592972,99.3,3.88455415010314,36.2523450609652,-0.119742882821164,8.6985492280527
ARG,Argentina,2014,category_1,0.982758620689655,0.984787018255578,0.964265099191366,1,0.96551724137931,0.905942306110456,100,3.84287481713665,35.3963480321961,-0.078998684357848,8.60246545270461
ARG,Argentina,2015,category_1,0.96551724137931,0.96551724137931,0.947855271416603,0.96551724137931,0.96551724137931,0.928151056010933,99.7,3.73570176225836,26.4972067443634,-0.0604862921588565,8.50769808913719
ARG,Argentina,2016,category_1,1,1,1,1,1,0.911922416134026,99.9,3.6553651699508,40.2733403508413,-0.134752661641149,8.4143182771783
ARG,Argentina,2017,category_1,1,1,1,1,1,0.911639073669349,100,3.56278572067775,41.0757900889976,-0.217187248728344,8.3223971566176
ARG,Argentina,2018,category_1,1,1,1,1,1,0.899812029511129,100,3.53063690824815,47.0590826510042,-0.269088634339557,8.2320058672002
ARG,Argentina,2019,category_1,1,1,1,1,1,0.908313379900793,100,3.46962065024176,50.8184088127295,-0.373575764592926,8.14321554861981
ARG,Argentina,2020,category_1,1,1,1,1,1,0.927819801595261,100,4.20227948109119,55.2629859289292,-0.590909970072964,8.05609734051031
ARG,Argentina,2021,category_1,1,1,1,1,1,0.931954849061781,100,4.09614704789845,62.1493760212176,-0.799543723729226,7.9707223824349
BGD,Bangladesh,2010,category_3,0.568965517241379,0.56288032454361,0.238980981028592,0.517241379310345,0.620689655172414,0.0524040485386324,55.3,55.6120024273705,208.024322968907,0.304918863873485,72.2745627411304
BGD,Bangladesh,2011,category_3,0.586206896551724,0.582150101419878,0.263883240801489,0.551724137931034,0.620689655172414,0.0511943805901848,59.6,54.9058896995024,249.746915935394,0.374997406595853,71.8899837287573
BGD,Bangladesh,2012,category_3,0.603448275862069,0.601419878296146,0.210047773259447,0.586206896551724,0.620689655172414,0.0506545101173307,65.5,54.148549106632,254.30935709739,0.444055297291041,71.5212027105424
BGD,Bangladesh,2013,category_3,0.586206896551724,0.582150101419878,0.270291808167691,0.551724137931034,0.620689655172414,0.0493061677345869,61.5,53.4719417454072,253.280642653537,0.431111247252731,71.1592963893237
BGD,Bangladesh,2014,category_3,0.551724137931034,0.547667342799189,0.330349374820248,0.517241379310345,0.586206896551724,0.0487386665428755,62.4,56.9949193825216,278.132224964281,0.412817358333084,70.8055557678987
BGD,Bangladesh,2015,category_3,0.551724137931034,0.547667342799189,0.318916655883689,0.517241379310345,0.586206896551724,0.0487017516446952,74,60.122727553489,297.810941171621,0.405285200715263,70.4604900522108
BGD,Bangladesh,2016,category_3,0.586206896551724,0.582150101419878,0.216407943204369,0.551724137931034,0.620689655172414,0.048467858715857,75.9,63.0872996124255,288.288357639838,0.41459793675303,70.1246084482035
BGD,Bangladesh,2017,category_3,0.517241379310345,0.509127789046653,0.240487227679994,0.448275862068966,0.586206896551724,0.0480147666372517,88,59.5151817550646,302.542720033696,0.38467627146513,69.7984201618201
BGD,Bangladesh,2018,category_3,0.586206896551724,0.582150101419878,0.257962257986166,0.551724137931034,0.620689655172414,0.047530286897748,86.9,61.5288557574441,318.46686309072,0.367215933958982,69.4824343990041
BGD,Bangladesh,2019,category_3,0.568965517241379,0.566937119675456,0.229521113872616,0.551724137931034,0.586206896551724,0.0476432869429288,92.2,63.2701670899894,320.445462644775,0.406089214234573,69.1771603656988
BGD,Bangladesh,2020,category_3,0.568965517241379,0.56288032454361,0.230379626049536,0.517241379310345,0.620689655172414,0.0474449413782571,96.2,66.5239843670587,325.386565272497,0.410331672789013,68.8831072678476
BGD,Bangladesh,2021,category_3,0.517241379310345,0.505070993914807,0.210269242169475,0.413793103448276,0.620689655172414,0.0469650114630988,99,69.318337483757,395.72014579444,0.404278116607436,68.6007843113939
BRA,Brazil,2010,category_1,0.706896551724138,0.708924949290061,0.282970550722028,0.724137931034483,0.689655172413793,0.265381972525426,98.6,5.50304848188389,202.796751288785,-0.894139275464851,15.656153963692
BRA,Brazil,2011,category_1,0.724137931034483,0.728194726166329,0.320133360388501,0.758620689655172,0.689655172413793,0.266416114226317,99.3,5.03953674291407,251.427316585619,-0.982544298396256,15.3774241400317
BRA,Brazil,2012,category_1,0.741379310344828,0.743407707910751,0.283707659767551,0.758620689655172,0.724137931034483,0.267427062290965,99.5,5.05936651828426,230.132478632479,-0.991675272921636,15.1026125818688
BRA,Brazil,2013,category_1,0.793103448275862,0.801217038539554,0.395807368327177,0.862068965517241,0.724137931034483,0.268402139016719,99.6,5.11106407879791,265.567784201832,-0.995259127392672,14.8323414557274
BRA,Brazil,2014,category_1,0.775862068965517,0.781947261663286,0.456584902798061,0.827586206896552,0.724137931034483,0.269360350807084,99.7,4.69342764525696,285.060525095092,-0.999757307752816,14.5668632101832
BRA,Brazil,2015,category_1,0.810344827586207,0.816430020283976,0.507546027727933,0.862068965517241,0.758620689655172,0.270325306492807,99.7,4.5985625370515,234.965094097362,-1.01230036917971,14.3064302938119
BRA,Brazil,2016,category_1,0.724137931034483,0.732251521298174,0.284134152571111,0.793103448275862,0.655172413793103,0.271334079992495,99.7,4.58172287612681,240.181955023576,-1.0374793187564,14.0512951551892
BRA,Brazil,2017,category_1,0.844827586206897,0.842799188640974,0.401335164162705,0.827586206896552,0.862068965517241,0.272403818118449,99.8,4.16335745134554,275.933897636383,-1.06396033198931,13.8017102428909
BRA,Brazil,2018,category_1,0.775862068965517,0.77789046653144,0.374968423442916,0.793103448275862,0.758620689655172,0.270432005789452,99.7,4.07539456703253,293.991298575478,-1.09866407996527,13.5579280054928
BRA,Brazil,2019,category_1,0.879310344827586,0.881338742393509,0.388945104665182,0.896551724137931,0.862068965517241,0.268558852432994,99.8,3.97894696359558,296.983630685286,-1.1169772665822,13.3202008915704
BRA,Brazil,2020,category_1,0.879310344827586,0.881338742393509,0.383850716449945,0.896551724137931,0.862068965517241,0.266892433991041,99.7,4.37073597386259,365.713126234512,-1.1732779328096,13.0887813496996
BRA,Brazil,2021,category_1,0.810344827586207,0.808316430020284,0.31267553172731,0.793103448275862,0.827586206896552,0.265645057983073,99.5,4.5802428180644,386.636366902598,-1.30752198689727,12.8639218284561
CHN,China,2010,category_2,0.637931034482759,0.635902636916836,0.268650683088263,0.620689655172414,0.655172413793103,0.0898047775854916,99.7,33.0067159252043,425.239340293993,-1.25948744669656,50.7659729371959
CHN,China,2011,category_2,0.637931034482759,0.635902636916836,0.302433499186349,0.620689655172414,0.655172413793103,0.0882356221213574,99.9,31.0327689638504,444.64980620155,-4.70259009880276,48.1699714660645
CHN,China,2012,category_2,0.637931034482759,0.635902636916836,0.238586994509048,0.620689655172414,0.655172413793103,0.0866405009636757,99.9,29.8999555454476,457.333238442414,-1.99413353062352,46.8996887207031
CHN,China,2013,category_2,0.637931034482759,0.635902636916836,0.302904706615198,0.620689655172414,0.655172413793103,0.0853667732754321,100,27.4619519699988,458.516155476157,-2.34182641047647,45.5099983215332
CHN,China,2014,category_2,0.637931034482759,0.635902636916836,0.366457258562622,0.620689655172414,0.655172413793103,0.0842674179581007,100,25.4002396087542,477.579277718331,-2.17791851137383,44.2497444152832
CHN,China,2015,category_2,0.637931034482759,0.635902636916836,0.369930785016039,0.620689655172414,0.655172413793103,0.0832481556099894,100,24.1520090306192,465.6126796366,-3.05338845260966,42.6702156066895
CHN,China,2016,category_2,0.672413793103448,0.670385395537525,0.261579219118164,0.655172413793103,0.689655172413793,0.0817501206954943,100,23.3531664837206,480.055071748405,-3.0301879485996,41.1600761413574
CHN,China,2017,category_2,0.655172413793103,0.655172413793103,0.297866346840645,0.655172413793103,0.655172413793103,0.0799547347650612,100,22.7242584891955,460.457754805883,-2.85616882227626,39.7597312927246
CHN,China,2018,category_2,0.672413793103448,0.670385395537525,0.304241885376614,0.655172413793103,0.689655172413793,0.0787632952179988,100,21.8616442106502,442.553246565176,-2.75248143414517,38.4998016357422
CHN,China,2019,category_2,0.689655172413793,0.689655172413793,0.264512685202025,0.689655172413793,0.689655172413793,0.0773881633392411,100,20.8476339852186,427.750847233594,-2.83782096212918,37.2900848388672
CHN,China,2020,category_2,0.637931034482759,0.635902636916836,0.269737616480299,0.620689655172414,0.655172413793103,0.077106229182907,100,19.8435970122718,414.491446133711,-1.96767324733801,36.4765769733742
CHN,China,2021,category_2,0.637931034482759,0.63184584178499,0.249699996064222,0.586206896551724,0.689655172413793,0.0771510096575944,100,19.547953096344,406.234332124994,-3.24921027780871,35.278923034668
COD,"Congo, Dem. Rep.",2010,category_3,0.137931034482759,0.154158215010142,0.0854813920681388,0.275862068965517,0,0.132928765496068,13,71.5497136741387,0.823787579547948,2.53774882980848,60.608636291706
COD,"Congo, Dem. Rep.",2011,category_3,0.155172413793103,0.17342799188641,0.103226364087413,0.310344827586207,0,0.14532251414555,13.7,71.1274674669064,0.686965811965812,2.62862603554147,60.2150307174141
COD,"Congo, Dem. Rep.",2012,category_3,0.189655172413793,0.211967545638945,0.0543237436307627,0.379310344827586,0,0.156659065507652,15.4,70.7694380459892,0.456256535378181,2.68536176510327,59.8229614420849
COD,"Congo, Dem. Rep.",2013,category_3,0.172413793103448,0.192697768762677,0.121706158082294,0.344827586206897,0,0.155496689213577,15.2,70.0053488739836,0.870767925328808,2.74682910494931,59.4324736802842
COD,"Congo, Dem. Rep.",2014,category_3,0.172413793103448,0.192697768762677,0.173159287763886,0.344827586206897,0,0.157059831786038,13.5,69.0736523313088,1.63919116452818,2.7342515472912,59.0436126465775
COD,"Congo, Dem. Rep.",2015,category_3,0.155172413793103,0.17342799188641,0.159873433403601,0.310344827586207,0,0.153759713131268,16.6,68.451568136177,1.89390048154093,2.64431418859442,58.6564235555306
COD,"Congo, Dem. Rep.",2016,category_3,0.189655172413793,0.211967545638945,0.102610733163904,0.379310344827586,0,0.150816349173556,17.3,68.5345892537518,1.39093350181646,2.88167087872689,58.2709516217089
COD,"Congo, Dem. Rep.",2017,category_3,0.172413793103448,0.192697768762677,0.132014207361326,0.344827586206897,0,0.152049647855955,18,68.423368207984,1.59912393323767,2.99617572255966,57.8872420596783
COD,"Congo, Dem. Rep.",2018,category_3,0.189655172413793,0.211967545638945,0.131679483576066,0.379310344827586,0,0.149854003953729,18.7,68.0148788038124,1.91166444345635,2.6853458817866,57.5053400840042
COD,"Congo, Dem. Rep.",2019,category_3,0.172413793103448,0.192697768762677,0.112229297844046,0.344827586206897,0,0.147179951439653,19.1,67.7516488585298,2.41001461988304,2.50644180892777,57.1252909092524
COD,"Congo, Dem. Rep.",2020,category_3,0.189655172413793,0.211967545638945,0.125641097846933,0.379310344827586,0,0.142514848265754,20.1,69.499544306491,2.09027777777778,2.55681048476169,56.7471397499885
COD,"Congo, Dem. Rep.",2021,category_3,0.189655172413793,0.211967545638945,0.113778734536926,0.379310344827586,0,0.138220180727716,20.8,70.2334896262574,2.08655868520548,2.57274712321097,56.3709318207782
COL,Colombia,2010,unclassified,0.0517241379310344,0.0537525354969574,0.039191466997742,0.0689655172413793,0.0344827586206896,0.0343710841642842,96.8,6.07044711290745,546.941772332843,0.592337757291157,23.2767024327881
COL,Colombia,2011,unclassified,0.0517241379310344,0.0537525354969574,0.0487737122345662,0.0689655172413793,0.0344827586206896,0.0355134049530338,96.7,6.26362777968827,575.926556143351,0.573015222204867,23.160996386794
COL,Colombia,2012,unclassified,0.0517241379310344,0.0537525354969574,0.0390186873942885,0.0689655172413793,0.0344827586206896,0.0348307948606839,97,6.55853973638495,581.943430897597,0.55629919725716,23.057788796735
COL,Colombia,2013,unclassified,0.0517241379310344,0.0537525354969574,0.0460866684789087,0.0689655172413793,0.0344827586206896,0.0318588631757471,97.8,6.10918384822764,612.007315329751,0.560287721989616,22.9684011810078
COL,Colombia,2014,unclassified,0.0517241379310344,0.0537525354969574,0.0719288393148454,0.0689655172413793,0.0344827586206896,0.0331803879655012,97.8,5.90873619474174,699.090455445391,0.56893881587149,22.8941550580091
COL,Colombia,2015,unclassified,0.0517241379310344,0.0537525354969574,0.0439078490311547,0.0689655172413793,0.0344827586206896,0.0332165423247294,98.2,6.18416201418965,667.506741213668,0.61222451935783,22.8363719461354
COL,Colombia,2016,unclassified,0.0689655172413793,0.0689655172413793,0.0335986076453417,0.0689655172413793,0.0689655172413793,0.0354497090825505,98.4,6.18932820090885,646.144908024638,0.815240652958438,22.7963733637834
COL,Colombia,2017,unclassified,0.0862068965517241,0.0841784989858012,0.0463149165523004,0.0689655172413793,0.103448275862069,0.037000376347274,98.5,6.63849703154838,678.382114788968,1.35978593473219,22.7754808293497
COL,Colombia,2018,unclassified,0.0689655172413793,0.0689655172413793,0.0397500934212875,0.0689655172413793,0.0689655172413793,0.0456074941358361,98.5,6.58901092354511,514.170464196919,1.59312291702216,22.7195183401916
COL,Colombia,2019,unclassified,0.0689655172413793,0.0689655172413793,0.0335092009782396,0.0689655172413793,0.0689655172413793,0.0464037167599533,99.4,5.79314781942348,464.186956694457,0.994853343884892,22.5404471481623
COL,Colombia,2020,unclassified,0.0689655172413793,0.0689655172413793,0.0437996154942821,0.0689655172413793,0.0689655172413793,0.0463052308693599,99.7,6.17554813956831,524.541598254623,0.64036590784834,22.3617466462955
COL,Colombia,2021,unclassified,0.0862068965517241,0.0841784989858012,0.0386592596231898,0.0689655172413793,0.103448275862069,0.0468220129677221,100,6.10739067921108,511.661435170947,0.217397681119486,22.1660429673872
DEU,Germany,2010,category_2,0.793103448275862,0.789046653144016,0.354303007699603,0.758620689655172,0.827586206896552,0.144857479976321,100,1.1025311459368,211.596825932804,-0.311410158900554,19.694297440051
DEU,Germany,2011,category_2,0.724137931034483,0.720081135902637,0.362453807278411,0.689655172413793,0.758620689655172,0.147929025410071,100,1.32380700164692,191.486989473684,-2.03094816713517,19.6594237071802
DEU,Germany,2012,category_2,0.758620689655172,0.750507099391481,0.319172991517138,0.689655172413793,0.827586206896552,0.147141795490237,100,1.11389131171639,198.921581882711,-0.0815712590867816,19.606552479782
DEU,Germany,2013,category_2,0.758620689655172,0.750507099391481,0.398289420179516,0.689655172413793,0.827586206896552,0.147261589766733,100,1.01583618783883,203.47061300101,-0.13485760214444,19.5267681599638
DEU,Germany,2014,category_2,0.775862068965517,0.765720081135903,0.476370782905143,0.689655172413793,0.862068965517241,0.146562528941438,100,1.03394894777773,217.69567781616,-0.109467875689582,19.42425976257
DEU,Germany,2015,category_2,0.810344827586207,0.804259634888438,0.471224413054172,0.758620689655172,0.862068965517241,0.145017645547812,100,0.969383390601599,202.273932128989,0.237209877225495,19.3025628367186
DEU,Germany,2016,category_2,0.793103448275862,0.789046653144016,0.322718520206172,0.758620689655172,0.827586206896552,0.142843838799629,100,0.901142710164774,197.228258097424,0.093115970588129,19.1652129315275
DEU,Germany,2017,category_2,0.758620689655172,0.750507099391481,0.347512962975541,0.689655172413793,0.827586206896552,0.142419876297957,100,0.88168241977682,178.118926265715,-0.409224110166647,19.0157455961147
DEU,Germany,2018,category_2,0.672413793103448,0.66632860040568,0.299152634340498,0.620689655172414,0.724137931034483,0.141497971757868,100,0.881147933566418,166.481118404228,-0.534092177963821,18.8576963795982
DEU,Germany,2019,category_2,0.706896551724138,0.696754563894523,0.282837117131432,0.620689655172414,0.793103448275862,0.140974635132155,100,0.813475565300963,174.098685333789,-0.643116557610684,18.6946008310961
DEU,Germany,2020,category_2,0.741379310344828,0.735294117647059,0.30549974452776,0.689655172413793,0.793103448275862,0.140258271224697,100,0.756750384126601,163.242026748971,-0.802709799868654,18.5299944997262
DEU,Germany,2021,category_2,0.706896551724138,0.700811359026369,0.288078338355787,0.655172413793103,0.758620689655172,0.140126797804098,100,0.886412239615511,130.141019042717,-0.838943865916312,18.3674129346066
EGY,"Egypt, Arab Rep.",2010,category_3,0.224137931034483,0.209939148073022,0.123127082712425,0.103448275862069,0.344827586206897,0.0322099385721829,99.4,42.2479655128481,473.372781065089,1.97511694959621,57.0942824479846
EGY,"Egypt, Arab Rep.",2011,category_3,0.275862068965517,0.259634888438134,0.139275205503726,0.137931034482759,0.413793103448276,0.0308256197653874,99.4,42.7933599498574,503.561253561254,2.17852232111006,57.1365831529823
EGY,"Egypt, Arab Rep.",2012,category_3,0.293103448275862,0.278904665314402,0.133476146020888,0.172413793103448,0.413793103448276,0.0303667840580631,99.7,37.0604931127169,462.990455991516,2.33496805190423,57.1881485861475
EGY,"Egypt, Arab Rep.",2013,category_3,0.258620689655172,0.240365111561866,0.144823192968503,0.103448275862069,0.413793103448276,0.0284052142691042,99.9,42.284082026848,536.748930010303,2.41086498363961,57.2485722811249
EGY,"Egypt, Arab Rep.",2014,category_3,0.258620689655172,0.244421906693712,0.168382659826598,0.137931034482759,0.379310344827586,0.0270709159997225,99.8,42.6478655572906,546.968210621205,2.39667621107092,57.3174477715592
EGY,"Egypt, Arab Rep.",2015,category_3,0.241379310344828,0.225152129817444,0.159067216734033,0.103448275862069,0.379310344827586,0.0287746343672505,99.3,39.5982546018059,569.459171853531,2.23303829698743,57.3943685910952
EGY,"Egypt, Arab Rep.",2016,category_3,0.241379310344828,0.22920892494929,0.112138177353759,0.137931034482759,0.344827586206897,0.0274167609650131,100,38.3622454557368,568.042074872898,2.18190405985057,57.4789282733775
EGY,"Egypt, Arab Rep.",2017,category_3,0.206896551724138,0.198782961460446,0.120543353738141,0.137931034482759,0.275862068965517,0.0280817697822396,100,36.9669048495134,574.181976125568,2.12418278512357,57.5513991312821
EGY,"Egypt, Arab Rep.",2018,category_3,0.155172413793103,0.149087221095335,0.0919976970649032,0.103448275862069,0.206896551724138,0.0288506773910063,100,21.3820768862683,535.290259101345,1.88129548815397,57.5422822550031
EGY,"Egypt, Arab Rep.",2019,category_3,0.189655172413793,0.179513184584179,0.104092419267169,0.103448275862069,0.275862068965517,0.0299293861738583,100,21.3777717529702,504.721963342653,1.71415246810639,57.5187972667352
EGY,"Egypt, Arab Rep.",2020,category_3,0.206896551724138,0.198782961460446,0.116149677216122,0.137931034482759,0.275862068965517,0.0307825658231884,100,19.5230193418854,506.627043090639,1.5606922205924,57.4818465369326
EGY,"Egypt, Arab Rep.",2021,category_3,0.224137931034483,0.218052738336714,0.120206375606381,0.172413793103448,0.275862068965517,0.0277314615404914,100,18.9766521942891,541.891452713682,1.40299462586257,57.4313937378532
ETH,Ethiopia,2010,category_3,0.344827586206897,0.352941176470588,0.185361657026048,0.413793103448276,0.275862068965517,0.160870764899013,25.5,67.8153087526366,21.847099210436,2.42069206834949,82.5062160491943
ETH,Ethiopia,2011,category_3,0.448275862068966,0.464503042596349,0.208882402172383,0.586206896551724,0.310344827586207,0.16310472241698,23,66.3760926223891,20.8190506279125,2.39407627710648,82.136209487915
ETH,Ethiopia,2012,category_3,0.431034482758621,0.445233265720081,0.152199159523076,0.551724137931034,0.310344827586207,0.160189953175493,29,65.2135125129722,30.5863417177115,2.38623114463232,81.7938632965088
ETH,Ethiopia,2013,category_3,0.46551724137931,0.479716024340771,0.229218723249072,0.586206896551724,0.344827586206897,0.157163716959391,30.8,63.5975372594319,18.2591299851335,2.21671556771701,81.384485244751
ETH,Ethiopia,2014,category_3,0.448275862068966,0.460446247464503,0.29465495533455,0.551724137931034,0.344827586206897,0.154239291045171,27.2,61.7031784238185,25.359579379328,2.17698926798305,80.9737129211426
ETH,Ethiopia,2015,category_3,0.517241379310345,0.525354969574036,0.285540640347518,0.586206896551724,0.448275862068966,0.151356827161931,29,59.5948856275591,28.1125882577444,2.15821054456929,80.548433303833
ETH,Ethiopia,2016,category_3,0.46551724137931,0.471602434077079,0.182784883384561,0.517241379310345,0.413793103448276,0.148484566291537,42.9,57.7782118676973,33.7882746434431,2.179108413073,80.1236381530762
ETH,Ethiopia,2017,category_3,0.5,0.510141987829615,0.238267107176656,0.586206896551724,0.413793103448276,0.145616052000428,44.3,55.5987252396052,34.5145655386619,2.18446073354455,79.6915149688721
ETH,Ethiopia,2018,category_3,0.517241379310345,0.525354969574036,0.237200554070382,0.586206896551724,0.448275862068966,0.143674804386758,44.8,53.7932285736212,16.5355532217211,2.09851017098292,79.2161903381348
ETH,Ethiopia,2019,category_3,0.551724137931034,0.55578093306288,0.209306982023371,0.586206896551724,0.517241379310345,0.139902938707366,48,51.6847037099417,26.310523715415,2.10268593049026,78.7513294219971
ETH,Ethiopia,2020,category_3,0.5,0.506085192697769,0.213534767309258,0.551724137931034,0.448275862068966,0.136187497314844,51.1,54.144316928758,39.8850886996684,2.23047369165266,78.3739948272705
ETH,Ethiopia,2021,category_3,0.5,0.506085192697769,0.198286739672973,0.551724137931034,0.448275862068966,0.134528917265688,54.2,54.5378250995199,41.7726745237649,2.05726119017244,77.8932914733887
FRA,France,2010,flexible_1,0.948275862068966,0.950304259634888,0.711455055665512,0.96551724137931,0.931034482758621,0.281435742888356,100,1.79711984735133,150.537957564465,0.511551730246133,22.9037155191197
FRA,France,2011,flexible_1,0.948275862068966,0.950304259634888,0.742234201071076,0.96551724137931,0.931034482758621,0.279678112445159,100,1.90864933879861,141.299303944316,0.386624106986999,22.8817282612491
FRA,France,2012,flexible_1,0.96551724137931,0.96551724137931,0.598248364209125,0.96551724137931,0.96551724137931,0.278439717139473,100,1.86706083178559,160.786305431114,0.270763457473565,22.8330535080084
FRA,France,2013,flexible_1,0.948275862068966,0.950304259634888,0.74919158706684,0.96551724137931,0.931034482758621,0.277367781766253,100,1.85605504050633,169.417394582015,0.178566656212108,22.7559278529082
FRA,France,2014,flexible_1,0.948275862068966,0.950304259634888,0.85617262951965,0.96551724137931,0.931034482758621,0.276467026732857,100,1.66226213675114,168.426725431051,-0.00246366805428144,22.6475703211387
FRA,France,2015,flexible_1,0.96551724137931,0.969574036511156,0.906426548363731,1,0.931034482758621,0.277673626146145,100,1.6549639404423,170.400948118645,-1.46535144109388,22.2389080849934
FRA,France,2016,flexible_1,0.948275862068966,0.950304259634888,0.591419460547754,0.96551724137931,0.931034482758621,0.275101723359223,100,1.64234219438565,163.139120924284,-3.58096444951522,21.4000885294221
FRA,France,2017,flexible_1,0.931034482758621,0.931034482758621,0.616659420318368,0.931034482758621,0.931034482758621,0.275925184277718,100,1.57187493675426,177.62482732281,0.0709530976604871,21.3532195973632
FRA,France,2018,flexible_1,0.931034482758621,0.931034482758621,0.683960659030324,0.931034482758621,0.931034482758621,0.269905388381501,100,1.37794537395552,170.970793980051,0.242924171830235,21.3285567463401
FRA,France,2019,flexible_1,0.948275862068966,0.950304259634888,0.588509467284956,0.96551724137931,0.931034482758621,0.266284308222629,100,1.45829087336231,157.722612244347,0.249842862636594,21.3109215450644
FRA,France,2020,flexible_1,0.931034482758621,0.935091277890466,0.63374656626218,0.96551724137931,0.896551724137931,0.251248330093988,100,1.42940648451752,179.540121660326,0.217351156518899,21.2880868234751
FRA,France,2021,flexible_1,0.948275862068966,0.950304259634888,0.544054825975411,0.96551724137931,0.931034482758621,0.25073305114082,100,1.44661410685569,171.652047698957,0.241526179010627,21.2635396607662
GBR,United Kingdom,2010,category_2,0.568965517241379,0.566937119675456,0.239509900524571,0.551724137931034,0.586206896551724,0.095114636636995,100,0.611887751295145,243.048576214405,0.123367531940296,19.004834883723
GBR,United Kingdom,2011,category_2,0.517241379310345,0.509127789046653,0.255932997499074,0.448275862068966,0.586206896551724,0.0958285494146981,100,0.663221131978931,246.94820191356,0.037868047824954,18.8640314407373
GBR,United Kingdom,2012,category_2,0.379310344827586,0.363083164300203,0.171129947304875,0.241379310344828,0.517241379310345,0.097502786018113,100,0.693749067690341,232.936252414681,-0.110635391657926,18.7094332240492
GBR,United Kingdom,2013,category_2,0.379310344827586,0.354969574036511,0.197143501867607,0.172413793103448,0.586206896551724,0.0976862390470548,100,0.603616573933552,233.025824368755,-0.227600045925962,18.5426231305113
GBR,United Kingdom,2014,category_2,0.5,0.48580121703854,0.304910024541574,0.379310344827586,0.620689655172414,0.0964654358625172,100,0.698239324934876,247.854335445576,-0.218520665600489,18.3644249249278
GBR,United Kingdom,2015,category_2,0.53448275862069,0.524340770791075,0.316873527319871,0.448275862068966,0.620689655172414,0.0923533117212346,100,0.648201919452258,252.370653801364,-0.311771306241463,18.1756227704353
GBR,United Kingdom,2016,category_2,0.586206896551724,0.586206896551724,0.213173250919435,0.586206896551724,0.586206896551724,0.0918515151053257,100,0.632074480192366,247.759276224295,-0.304580852117663,17.9770008301705
GBR,United Kingdom,2017,category_2,0.5,0.48580121703854,0.223767550635465,0.379310344827586,0.620689655172414,0.0922151385604269,100,0.650729033259164,248.566493032888,-0.617649296291559,17.76934326727
GBR,United Kingdom,2018,category_2,0.46551724137931,0.45131845841785,0.208845636472967,0.344827586206897,0.586206896551724,0.0910855431683437,100,0.624797474220779,245.619777867634,-0.734044011357,17.5534342448705
GBR,United Kingdom,2019,category_2,0.517241379310345,0.505070993914807,0.217707118132827,0.413793103448276,0.620689655172414,0.0913369514318305,100,0.615839604842735,245.004665440953,-0.767606108691646,17.3300579261087
GBR,United Kingdom,2020,category_2,0.396551724137931,0.386409736308316,0.172429396234033,0.310344827586207,0.482758620689655,0.0895789961042853,100,0.577210235430888,233.168769261304,-1.1684507093904,17.0999984741211
GBR,United Kingdom,2021,category_2,0.46551724137931,0.45131845841785,0.183138827377443,0.344827586206897,0.586206896551724,0.0897280330854908,100,0.495405209290053,241.438814262867,-0.163743504100881,17.0113568476359
IDN,Indonesia,2010,unclassified,0.5,0.493914807302231,0.227684555221585,0.448275862068966,0.551724137931034,0.0726026301616008,94.2,36.4330614509009,239.553393187817,-0.0949532767435014,50.1478624851112
IDN,Indonesia,2011,unclassified,0.46551724137931,0.459432048681542,0.234625032656237,0.413793103448276,0.517241379310345,0.0716480639245679,94.8,34.8586542976227,260.871954399488,0.0106999915199081,49.5169982910156
IDN,Indonesia,2012,unclassified,0.53448275862069,0.528397565922921,0.18852971553929,0.482758620689655,0.586206896551724,0.070699563442248,96,33.3649351377864,324.105127310216,-0.0895551347403185,48.8406066894531
IDN,Indonesia,2013,unclassified,0.5,0.493914807302231,0.242790234929272,0.448275862068966,0.551724137931034,0.0697953246626307,96.5,32.4790176436325,303.533746915688,-0.14374102185709,48.1692504882812
IDN,Indonesia,2014,unclassified,0.46551724137931,0.463488843813387,0.296408920907763,0.448275862068966,0.482758620689655,0.0689474502948015,97,31.9512469766142,334.115871082202,-0.224203629305806,47.4997863769531
IDN,Indonesia,2015,unclassified,0.517241379310345,0.513184584178499,0.291773066037935,0.482758620689655,0.551724137931034,0.0681459831078431,97.5,31.2110620780829,341.496990073275,-0.302215527231127,46.8279228210449
IDN,Indonesia,2016,unclassified,0.46551724137931,0.463488843813387,0.190850411443433,0.448275862068966,0.482758620689655,0.0673860552121625,97.6,28.7216196066869,332.689389526624,-0.302682464858418,46.187442779541
IDN,Indonesia,2017,unclassified,0.5,0.502028397565923,0.235005049486869,0.517241379310345,0.482758620689655,0.0666693518196139,98.1,27.5155727237924,374.481780805296,-0.376409199479874,45.5458984375
IDN,Indonesia,2018,unclassified,0.46551724137931,0.459432048681542,0.225900363504573,0.413793103448276,0.517241379310345,0.0659949515588791,98.5,26.3015877916663,388.94563423822,-0.448922252597683,44.9043159484863
IDN,Indonesia,2019,unclassified,0.46551724137931,0.467545638945233,0.193042689555068,0.482758620689655,0.448275862068966,0.0653496643966467,98.8,25.325247659601,304.316040505575,-0.505597763385397,44.2617950439453
IDN,Indonesia,2020,unclassified,0.448275862068966,0.452332657200811,0.200796147699361,0.482758620689655,0.413793103448276,0.0647662204707659,97,25.8822826536235,336.107986011264,-0.378455847340686,43.7214712351232
IDN,Indonesia,2021,unclassified,0.46551724137931,0.471602434077079,0.190172031525646,0.517241379310345,0.413793103448276,0.0642812399030716,99.2,26.0172150158565,381.229919311091,-0.671756211440538,43.1238297535973
IND,India,2010,category_3,0.5,0.522312373225152,0.210767767863693,0.689655172413793,0.310344827586207,0.126265643613515,76.3,65.3327393775454,179.035876924253,0.897962956890236,69.0957809189906
IND,India,2011,category_3,0.53448275862069,0.556795131845842,0.248431234808825,0.724137931034483,0.344827586206897,0.124465504351256,79.5,62.5386547196872,180.748291172705,0.879272739672036,68.7253497146691
IND,India,2012,category_3,0.53448275862069,0.556795131845842,0.172157706471083,0.724137931034483,0.344827586206897,0.122428342596293,79.9,59.6990267304003,163.122021642201,0.91430082561334,68.4101064395601
IND,India,2013,category_3,0.517241379310345,0.54158215010142,0.265966636252048,0.724137931034483,0.310344827586207,0.120727301448223,83.1,58.4281217789907,156.495698086192,0.864154954197754,68.0903210764763
IND,India,2014,category_3,0.53448275862069,0.560851926977688,0.338426463200253,0.758620689655172,0.310344827586207,0.119230145180509,85.1,56.9909096196722,163.498079418137,0.791480847119757,67.7711766591179
IND,India,2015,category_3,0.482758620689655,0.50709939148073,0.318137813737087,0.689655172413793,0.275862068965517,0.117778700796226,88,55.6916010791532,171.038212936265,0.721820172530689,67.4527009977701
IND,India,2016,category_3,0.517241379310345,0.54158215010142,0.204539110240029,0.724137931034483,0.310344827586207,0.116312112388325,89.6,54.0977447599498,166.003057888777,0.719402488673327,67.1349219027177
IND,India,2017,category_3,0.53448275862069,0.556795131845842,0.257492954258366,0.724137931034483,0.344827586206897,0.11465756005888,91.8,52.6302055911395,170.569293434684,0.689012461751642,66.8178671842461
IND,India,2018,category_3,0.517241379310345,0.54158215010142,0.263304214530488,0.724137931034483,0.310344827586207,0.113102953358914,95.7,51.0992095375496,176.071212647449,0.622794851403478,66.5015646526402
IND,India,2019,category_3,0.53448275862069,0.556795131845842,0.22457553866351,0.724137931034483,0.344827586206897,0.11185429047714,95.9,52.3986107663891,186.456757783084,0.564425994371504,66.1860421181853
IND,India,2020,category_3,0.551724137931034,0.580121703853955,0.245775140339103,0.793103448275862,0.310344827586207,0.110096001605056,96.5,58.0724268080462,210.69195830144,0.496804447345255,65.8713273911667
IND,India,2021,category_3,0.620689655172414,0.649087221095335,0.252033912907882,0.862068965517241,0.379310344827586,0.10901113137649,99.6,59.2958420307118,193.601012213706,0.345005952960715,65.5574482818696
IRN,"Iran, Islamic Rep.",2010,flexible_2,0.275862068965517,0.259634888438134,0.160035957692755,0.137931034482759,0.413793103448276,0.198783681531131,99.4,20.12289932453,90.2488628979857,-0.833182589847652,29.3907373225614
IRN,"Iran, Islamic Rep.",2011,flexible_2,0.224137931034483,0.22210953346856,0.156784646810901,0.206896551724138,0.241379310344828,0.194096729267263,99.5,19.396061567994,48.3057052714605,-0.808615702617068,28.795949055483
IRN,"Iran, Islamic Rep.",2012,flexible_2,0.189655172413793,0.179513184584179,0.103975647169481,0.103448275862069,0.275862068965517,0.189465668513447,99.5,18.3689509180623,52.3098816331959,-0.71013532506631,28.2366365958706
IRN,"Iran, Islamic Rep.",2013,flexible_2,0.206896551724138,0.198782961460446,0.132593681886236,0.137931034482759,0.275862068965517,0.182640767881628,99.8,17.9489905145199,56.8089466875468,-0.623030852494532,27.6969126484588
IRN,"Iran, Islamic Rep.",2014,flexible_2,0.172413793103448,0.164300202839757,0.155737433602485,0.103448275862069,0.241379310344828,0.180204067272177,100,16.602558945242,73.2130455504868,-0.586480938765731,27.1675929614777
IRN,"Iran, Islamic Rep.",2015,flexible_2,0.241379310344828,0.233265720081136,0.175305643327985,0.172413793103448,0.310344827586207,0.177767046906027,100,17.574260050395,47.477088581739,-0.585016352278527,26.6438596424051
IRN,"Iran, Islamic Rep.",2016,flexible_2,0.344827586206897,0.332657200811359,0.150898928312714,0.241379310344828,0.448275862068966,0.17523695945656,100,16.9035868935616,47.5355756791721,-0.550762411434095,26.1203899903405
IRN,"Iran, Islamic Rep.",2017,flexible_2,0.258620689655172,0.252535496957404,0.145055145507024,0.206896551724138,0.310344827586207,0.177991035621564,99.9,16.4780078204871,51.8309105325757,-0.578311303687387,25.5988159179688
IRN,"Iran, Islamic Rep.",2018,flexible_2,0.275862068965517,0.267748478701825,0.144972956127611,0.206896551724138,0.344827586206897,0.180926175269425,100,16.3499014084849,57.9421731596175,-0.308568419528371,25.1965713500977
IRN,"Iran, Islamic Rep.",2019,flexible_2,0.344827586206897,0.336713995943205,0.141312305748051,0.275862068965517,0.413793103448276,0.179433708136117,100,16.5621273503634,63.2455825864277,-0.523790393909353,24.7961120605469
IRN,"Iran, Islamic Rep.",2020,flexible_2,0.241379310344828,0.225152129817444,0.118717821983844,0.103448275862069,0.379310344827586,0.178515565103846,100,15.3194561677337,68.4595146871009,-0.836042306885457,24.4013595581055
IRN,"Iran, Islamic Rep.",2021,flexible_2,0.224137931034483,0.22210953346856,0.120813616902397,0.206896551724138,0.241379310344828,0.177479095474551,100,14.1266981037204,68.2894451875916,-0.796799960112988,24.0073623657227
ITA,Italy,2010,category_2,0.362068965517241,0.343813387423935,0.189133503495587,0.206896551724138,0.517241379310345,0.117720993121848,100,2.71694554317378,122.745952854303,-0.0816748525802511,31.7836258170143
ITA,Italy,2011,category_2,0.396551724137931,0.378296146044625,0.21354573978998,0.241379310344828,0.551724137931034,0.111949919203644,100,2.63990106724069,134.322470238095,-0.238012644788736,31.5984926110489
ITA,Italy,2012,category_2,0.413793103448276,0.397565922920892,0.172809120095857,0.275862068965517,0.551724137931034,0.118256396980777,100,2.58040278011211,122.506322000562,-0.870312876150036,31.2391205764741
ITA,Italy,2013,category_2,0.379310344827586,0.363083164300203,0.199577803722375,0.241379310344828,0.517241379310345,0.113195447118949,100,2.4346652912993,129.303500805625,-1.56518026661456,30.6926010083924
ITA,Italy,2014,category_2,0.379310344827586,0.359026369168357,0.24051673232962,0.206896551724138,0.551724137931034,0.111537154231299,100,2.40917452541085,126.564060642093,-0.87956983907309,30.4192361385121
ITA,Italy,2015,category_2,0.362068965517241,0.343813387423935,0.221419054298651,0.206896551724138,0.517241379310345,0.109597265331559,100,2.43829645554118,134.126950462051,-0.247298598526388,30.3899993896484
ITA,Italy,2016,category_2,0.362068965517241,0.343813387423935,0.155480270270368,0.206896551724138,0.517241379310345,0.111402730719305,100,2.5178939937549,131.500671942661,-0.147072301379757,30.4030767474714
ITA,Italy,2017,category_2,0.310344827586207,0.294117647058823,0.156691665900617,0.172413793103448,0.448275862068966,0.112266952913701,100,2.35084970884553,130.435240867721,0.0708950759641904,30.4819215740618
ITA,Italy,2018,category_2,0.327586206896552,0.309330628803245,0.158499166115007,0.172413793103448,0.482758620689655,0.112279759944103,100,2.38634798818623,129.836977539789,-0.0837591512678989,30.5199966430664
ITA,Italy,2019,category_2,0.327586206896552,0.309330628803245,0.137906003867389,0.172413793103448,0.482758620689655,0.115759072201362,100,2.38197728874121,128.005145365693,-0.3296511521593,30.4949989318847
ITA,Italy,2020,category_2,0.362068965517241,0.343813387423935,0.151718143763369,0.206896551724138,0.517241379310345,0.121123034494728,100,2.43034957818334,129.283438902111,-0.532191974118142,30.4812507629394
ITA,Italy,2021,category_2,0.379310344827586,0.367139959432049,0.146925032522162,0.275862068965517,0.482758620689655,0.12163751131704,100,2.46972529735297,112.800112111925,-0.392651732575815,30.5187492370606
KEN,Kenya,2010,unclassified,0.172413793103448,0.18052738336714,0.108551893874293,0.241379310344828,0.103448275862069,0.133499533769997,19.2,63.7065265680396,32.4772837373386,2.88541306236455,68.1286712293542
KEN,Kenya,2011,unclassified,0.103448275862069,0.103448275862069,0.0763084831235364,0.103448275862069,0.103448275862069,0.142060547969676,36.2,62.9432703888085,37.8021110087196,2.7559099587868,68.1326050974591
KEN,Kenya,2012,unclassified,0.120689655172414,0.122718052738337,0.0644943140053653,0.137931034482759,0.103448275862069,0.14562639845063,38.1,62.0224470798606,43.6346590452593,2.62507243984556,68.1441869857239
KEN,Kenya,2013,unclassified,0.155172413793103,0.161257606490872,0.118308508790788,0.206896551724138,0.103448275862069,0.143123838283998,40.1,61.1626939074672,50.9644659896399,2.50639291020633,68.1675545566012
KEN,Kenya,2014,unclassified,0.120689655172414,0.126774847870183,0.124827510807136,0.172413793103448,0.0689655172413793,0.138764792154165,36,60.1496651425296,43.3216278656533,2.39663655702556,68.2068454725437
KEN,Kenya,2015,unclassified,0.120689655172414,0.122718052738337,0.114226199601851,0.137931034482759,0.103448275862069,0.135054507758429,41.6,59.2323688710785,35.4638528641881,2.31401077673996,68.2661973960042
KEN,Kenya,2016,unclassified,0.0689655172413793,0.0730223123732251,0.0576824683531785,0.103448275862069,0.0344827586206896,0.134839796527967,53.1,58.3102445716002,43.2307357271419,2.3300725272355,68.3497479894353
KEN,Kenya,2017,unclassified,0.0689655172413793,0.0730223123732251,0.0532213532417324,0.103448275862069,0.0344827586206896,0.124897734177605,55.8,57.4897154533984,59.545726435811,2.3376917478931,68.4616349152898
KEN,Kenya,2018,unclassified,0.120689655172414,0.122718052738337,0.0964231234254192,0.137931034482759,0.103448275862069,0.13101048821634,61.2,56.3779885559798,42.433646895819,2.2414800040985,68.6059958360204
KEN,Kenya,2019,unclassified,0.120689655172414,0.122718052738337,0.0814367458852522,0.137931034482759,0.103448275862069,0.129527201691422,69.7,55.4784727546129,50.0995233995374,2.26137323366357,68.8104433578865
KEN,Kenya,2020,unclassified,0.137931034482759,0.141987829614604,0.090628666632497,0.172413793103448,0.103448275862069,0.127010676186571,71.5,57.3891418715927,57.5569743963764,1.93756890412465,68.7936505367384
KEN,Kenya,2021,unclassified,0.0862068965517241,0.088235294117647,0.0615276761174784,0.103448275862069,0.0689655172413793,0.124619745074547,76.5,57.9591153884423,53.0505986519714,1.78174730660991,68.7120665978029
KOR,"Korea, Rep.",2010,category_2,0.0689655172413793,0.0608519269776876,0.0332481275109898,0,0.137931034482759,0.0304111997809586,100,6.43376990743779,330.282680822827,0.254493908949382,18.0314924013514
KOR,"Korea, Rep.",2011,category_2,0.0862068965517241,0.0801217038539553,0.0331603842448624,0.0344827586206896,0.137931034482759,0.0297977609145413,100,6.28378150048999,337.319220430108,0.807599668391063,18.0384591913624
KOR,"Korea, Rep.",2012,category_2,0.0689655172413793,0.0608519269776876,0.0344287866512498,0,0.137931034482759,0.0303227979571972,100,5.92091054255805,351.825647089739,0.817724787584202,18.0912101799622
KOR,"Korea, Rep.",2013,category_2,0.0862068965517241,0.0760649087221095,0.0290585840397098,0,0.172413793103448,0.0296615672289297,100,5.7034707856178,344.695814948523,0.90663708515138,18.1730616497297
KOR,"Korea, Rep.",2014,category_2,0.0862068965517241,0.0801217038539553,0.045043400819866,0.0344827586206896,0.137931034482759,0.0290856586243441,100,5.25914397857883,345.922764227642,1.15156644984422,18.2684317183046
KOR,"Korea, Rep.",2015,category_2,0.0689655172413793,0.0608519269776876,0.0301633314323764,0,0.137931034482759,0.0287072727920309,100,5.10670023190841,337.812905428474,1.03005521300499,18.360510139322
KOR,"Korea, Rep.",2016,category_2,0.0689655172413793,0.0608519269776876,0.0246284270957476,0,0.137931034482759,0.0277442591592615,100,4.72778843452077,351.141449683322,0.850947728208821,18.4440758202943
KOR,"Korea, Rep.",2017,category_2,0.0689655172413793,0.0608519269776876,0.0198822003316934,0,0.137931034482759,0.0271933028348575,100,4.4772081381504,353.420204768383,0.740194408763742,18.528969570016
KOR,"Korea, Rep.",2018,category_2,0.0689655172413793,0.0608519269776876,0.0210539958928283,0,0.137931034482759,0.0266356199502577,100,4.74994911354063,367.328238719068,0.910963956851582,18.6176476964804
KOR,"Korea, Rep.",2019,category_2,0.0862068965517241,0.0801217038539553,0.017836767951538,0.0344827586206896,0.137931034482759,0.0263499408922917,100,4.84161727784094,366.530791788856,0.842129689236084,18.7098936464381
KOR,"Korea, Rep.",2020,category_2,0.0689655172413793,0.0608519269776876,0.0156438309273369,0,0.137931034482759,0.0260821391768025,100,4.94221877276421,304.810650887574,0.746109298303176,18.8240404377087
KOR,"Korea, Rep.",2021,category_2,0.0689655172413793,0.0608519269776876,0.0165328301998005,0,0.137931034482759,0.0259418960636292,100,4.79354168854125,281.478034251675,-0.0527826455457149,18.8383473492215
MEX,Mexico,2010,flexible_2,0.327586206896552,0.309330628803245,0.187980203178599,0.172413793103448,0.482758620689655,0.201832545874263,99.2,4.5939068644298,72.3042340731697,1.3969399640788,23.4755558585287
MEX,Mexico,2011,flexible_2,0.327586206896552,0.309330628803245,0.164357872879004,0.172413793103448,0.482758620689655,0.197113062442114,99,4.53579912485955,84.4079943652051,1.23484626428099,23.4332197720463
MEX,Mexico,2012,flexible_2,0.344827586206897,0.328600405679513,0.156687499204644,0.206896551724138,0.482758620689655,0.193052096810114,99.1,4.76897684426952,84.8032990422136,0.964900059612848,23.3414800859266
MEX,Mexico,2013,flexible_2,0.379310344827586,0.367139959432049,0.195872918115479,0.275862068965517,0.482758620689655,0.190048343394195,99.1,4.5645053555802,92.1449468676359,0.70839300490112,23.2044231922048
MEX,Mexico,2014,flexible_2,0.379310344827586,0.363083164300203,0.250572559611988,0.241379310344828,0.517241379310345,0.185007611308801,99.2,4.3689725852879,90.4668110644827,0.437544163477692,23.0258632908234
MEX,Mexico,2015,flexible_2,0.362068965517241,0.347870182555781,0.222235622653261,0.241379310344828,0.482758620689655,0.182106054872697,99,4.31164537260936,81.3232492743106,0.125969521863077,22.8096145817247
MEX,Mexico,2016,flexible_2,0.413793103448276,0.397565922920892,0.166656587780815,0.275862068965517,0.551724137931034,0.177903964431444,99.5,4.27904044714315,100.525403466826,-0.133500253515275,22.5594912648514
MEX,Mexico,2017,flexible_2,0.379310344827586,0.363083164300203,0.177360965786454,0.241379310344828,0.517241379310345,0.164157136491436,100,4.42130231104861,105.62146418522,-0.314516025284137,22.2793075401459
MEX,Mexico,2018,flexible_2,0.396551724137931,0.378296146044625,0.170976267440864,0.241379310344828,0.551724137931034,0.159744779538598,99.5,4.24231808440153,105.656381909548,-0.438344875714437,21.9728776075506
MEX,Mexico,2019,flexible_2,0.396551724137931,0.378296146044625,0.147049752266195,0.241379310344828,0.551724137931034,0.154258428764038,99.6,4.31621754666912,108.621391752577,-0.557839068098812,21.644015667008
MEX,Mexico,2020,flexible_2,0.413793103448276,0.397565922920892,0.15936364727304,0.275862068965517,0.551724137931034,0.171009155951589,99.4,4.48621972501422,95.5545649952339,-0.678323778128969,21.322039397176
MEX,Mexico,2021,flexible_2,0.379310344827586,0.363083164300203,0.145723223336178,0.241379310344828,0.517241379310345,0.169784816619509,100,4.96032293173474,101.244572127351,-0.533091864738261,21.0675992581943
MMR,Myanmar,2010,flexible_2,0.775862068965517,0.761663286004057,0.401041123951834,0.655172413793103,0.896551724137931,0.220522922655098,48.8,49.2320170441819,6.6372213486264,0.550341144134847,70.8584670781976
MMR,Myanmar,2011,flexible_2,0.741379310344828,0.731237322515213,0.404476935250732,0.655172413793103,0.827586206896552,0.218252514881681,54.1,49.9151016297336,14.9951789356573,0.618411652461638,70.7275234863787
MMR,Myanmar,2012,flexible_2,0.758620689655172,0.746450304259635,0.323048966776871,0.655172413793103,0.862068965517241,0.215721327292735,55.3,50.2040400862428,15.6354757696958,0.667231534429523,70.6043710636655
MMR,Myanmar,2013,flexible_2,0.724137931034483,0.716024340770791,0.378015667777521,0.655172413793103,0.793103448275862,0.214314173357087,56.5,50.1958982765769,19.5313776457482,0.68689891518173,70.4896053762761
MMR,Myanmar,2014,flexible_2,0.775862068965517,0.769776876267748,0.463001921015509,0.724137931034483,0.827586206896552,0.213410641022347,52,50.2369997509267,24.3408838757396,0.679572058932762,70.3835657883538
MMR,Myanmar,2015,flexible_2,0.775862068965517,0.769776876267748,0.458319418592663,0.724137931034483,0.827586206896552,0.213998863083319,60.5,49.932514512204,13.3206806303913,0.658140192574395,70.2833178808318
MMR,Myanmar,2016,flexible_2,0.775862068965517,0.765720081135903,0.30390827225478,0.689655172413793,0.862068965517241,0.21260029187682,55.6,48.2232762570747,18.7433321154549,0.655773765437762,70.1870834417906
MMR,Myanmar,2017,flexible_2,0.775862068965517,0.773833671399594,0.359304700040057,0.758620689655172,0.793103448275862,0.213153737653565,69.8,46.3168170739248,38.7350835322196,0.640772250559176,70.0948272296563
MMR,Myanmar,2018,flexible_2,0.810344827586207,0.804259634888438,0.375254832400405,0.758620689655172,0.862068965517241,0.211972904091917,66.1,43.3957867964476,49.3483028437858,0.598237221922348,70.006425949271
MMR,Myanmar,2019,flexible_2,0.793103448275862,0.789046653144016,0.329631347311463,0.758620689655172,0.827586206896552,0.208781366620167,68.3,43.5242281996853,63.5752110933178,0.581405960865452,69.9217563054768
MMR,Myanmar,2020,flexible_2,0.827586206896552,0.827586206896552,0.334739243328959,0.827586206896552,0.827586206896552,0.207293869635583,70.4,39.4115805832875,67.7216560509554,0.595377210845086,69.8406950031158
MMR,Myanmar,2021,flexible_2,0.844827586206897,0.842799188640974,0.323487982074268,0.827586206896552,0.862068965517241,0.205854964744106,72.5,40.2959471812487,38.6606005459509,0.585420483494183,69.7631187470302
MYS,Malaysia,2010,unclassified,0.0517241379310344,0.0496957403651115,0.0197423120262871,0.0344827586206896,0.0689655172413793,0.0298124887631729,99.5,8.51138817304916,2166.74938546178,-0.22257801076012,29.1374685168975
MYS,Malaysia,2011,unclassified,0.0344827586206896,0.0304259634888438,0.0212024918462047,0,0.0689655172413793,0.0296824237838788,99.5,7.25754980163963,2183.64487060998,-0.196298493712749,28.5754833318036
MYS,Malaysia,2012,unclassified,0.0517241379310344,0.0496957403651115,0.0259100860902194,0.0344827586206896,0.0689655172413793,0.0292756952294944,99.8,8.57214958249312,1916.8401658222,-0.217596203171825,28.0319872073913
MYS,Malaysia,2013,unclassified,0.0517241379310344,0.0496957403651115,0.0194993742191744,0.0344827586206896,0.0689655172413793,0.0266021392733178,99.6,8.08823455576957,1985.86520493335,-0.163921015936129,27.5117282881922
MYS,Malaysia,2014,unclassified,0.0517241379310344,0.0456389452332657,0.0197291346529269,0,0.103448275862069,0.0265181576430937,99.7,7.97705040128995,2263.39764497761,-0.0895906116329278,27.0197793089227
MYS,Malaysia,2015,unclassified,0.0517241379310344,0.0496957403651115,0.0231458563767244,0.0344827586206896,0.0689655172413793,0.0264244657170965,99.9,7.82910221892255,1896.16386569895,0.0214830308391586,26.5612130042994
MYS,Malaysia,2016,unclassified,0.0689655172413793,0.0649087221095334,0.0185155070015293,0.0344827586206896,0.103448275862069,0.0259615658349556,99.9,6.75653354416912,1995.7809792684,0.172997921501247,26.1411021090386
MYS,Malaysia,2017,unclassified,0.0517241379310344,0.0496957403651115,0.0131543698826956,0.0344827586206896,0.0689655172413793,0.0255074508793582,100,6.60883525835307,2011.31695968787,0.313604659159164,25.7645193578568
MYS,Malaysia,2018,unclassified,0.0344827586206896,0.0344827586206896,0.0139988344983947,0.0344827586206896,0.0344827586206896,0.025077051063252,100,5.99762733949179,1953.72526686942,0.420573522726152,25.4365374854704
MYS,Malaysia,2019,unclassified,0.0172413793103448,0.0152129817444219,0.0087210012329939,0,0.0344827586206896,0.0246798830977773,100,5.34650541549356,1347.49488071149,0.512207591389008,25.1622292265958
MYS,Malaysia,2020,unclassified,0.0344827586206896,0.0344827586206896,0.0099058917224854,0.0344827586206896,0.0344827586206896,0.0243529290054476,100,5.95208697656225,1591.18028377216,0.481854480402377,24.9488104424328
MYS,Malaysia,2021,unclassified,0.0344827586206896,0.0344827586206896,0.0113189567426864,0.0344827586206896,0.0344827586206896,0.0240738695095404,100,5.3156240937413,2148.04861203669,-0.698980146617996,24.4911371808093
NGA,Nigeria,2010,category_3,0.258620689655172,0.268762677484787,0.139533700485577,0.344827586206897,0.172413793103448,0.215670772768542,48,37.5882707420539,11.2145520311631,1.12611031714149,48.3221811744554
NGA,Nigeria,2011,category_3,0.224137931034483,0.230223123732252,0.135430442943689,0.275862068965517,0.172413793103448,0.209890794585713,55.9,36.5939914569206,6.20177365099664,1.10699597087682,47.509647575921
NGA,Nigeria,2012,category_3,0.241379310344828,0.249492900608519,0.0925079542862565,0.310344827586207,0.172413793103448,0.204329581691325,53,34.7782903175651,8.42718662333694,1.05083678316963,46.697885097707
NGA,Nigeria,2013,category_3,0.224137931034483,0.234279918864097,0.137397529651192,0.310344827586207,0.137931034482759,0.199028505158119,55.6,32.7417483231755,8.50913026586002,0.962801527992992,45.8869144807432
NGA,Nigeria,2014,category_3,0.241379310344828,0.249492900608519,0.207995186017799,0.310344827586207,0.172413793103448,0.194010750528055,54.2,31.7464479589018,8.95755004713581,0.860889212233066,45.0767564659596
NGA,Nigeria,2015,category_3,0.275862068965517,0.288032454361055,0.208015220768016,0.379310344827586,0.172413793103448,0.189314755687255,52.5,31.1403789085811,7.96584203673435,0.724423287974684,44.2674317942862
NGA,Nigeria,2016,category_3,0.327586206896552,0.345841784989858,0.141777023675759,0.482758620689655,0.172413793103448,0.184856303887002,59.3,30.9791188946636,10.734949763348,0.628616081220405,43.458961206653
NGA,Nigeria,2017,category_3,0.293103448275862,0.307302231237322,0.167337125806506,0.413793103448276,0.172413793103448,0.1805701531549,54.4,30.7392972263193,20.295907079646,0.555930357839967,42.6513654439899
NGA,Nigeria,2018,category_3,0.310344827586207,0.32657200811359,0.177740712823707,0.448275862068966,0.172413793103448,0.177711629018143,56.5,30.3885859227351,18.8412959912136,0.4026757100944,41.8446652472271
NGA,Nigeria,2019,category_3,0.310344827586207,0.32657200811359,0.152226469047651,0.448275862068966,0.172413793103448,0.17601206375763,55.4,29.9443831351167,18.6103276198742,0.249965045294872,41.0388813572944
NGA,Nigeria,2020,category_3,0.293103448275862,0.307302231237322,0.15863328778027,0.413793103448276,0.172413793103448,0.17230214028913,55.4,29.3862371362241,22.5588522456064,0.149628788295601,40.2340345151219
NGA,Nigeria,2021,category_3,0.310344827586207,0.32657200811359,0.152007424149605,0.448275862068966,0.172413793103448,0.168727957130652,59.5,27.6861396885078,17.9649598611412,0.0779238103938307,39.4301454616396
PAK,Pakistan,2010,category_3,0.517241379310345,0.553752535496957,0.230348927399812,0.827586206896552,0.206896551724138,0.147511245624458,87.1,74.6473414782601,138.30472949983,2.18298221335447,65.1840812524461
PAK,Pakistan,2011,category_3,0.586206896551724,0.622718052738337,0.2818721048294,0.896551724137931,0.275862068965517,0.147732914498251,87.8,75.1003712779303,128.5226910299,1.93661765044507,64.9886324110103
PAK,Pakistan,2012,category_3,0.568965517241379,0.607505070993915,0.159568005709404,0.896551724137931,0.241379310344828,0.145617656140807,88.6,75.1435021369488,117.362367724868,1.59079392903635,64.7839770616269
PAK,Pakistan,2013,category_3,0.53448275862069,0.568965517241379,0.267021290162192,0.827586206896552,0.241379310344828,0.144356970426738,89.3,75.0085917998609,135.702592714145,1.29400627147948,64.5684647505634
PAK,Pakistan,2014,category_3,0.5,0.53448275862069,0.340090021235939,0.793103448275862,0.206896551724138,0.142067300537918,90.1,73.0554616217706,134.854139290407,1.14655468772755,64.3404450240872
PAK,Pakistan,2015,category_3,0.517241379310345,0.553752535496957,0.348556769007209,0.827586206896552,0.206896551724138,0.139904627291703,91,71.919525492261,137.471578947368,1.0253908115555,64.0982674284658
PAK,Pakistan,2016,category_3,0.53448275862069,0.568965517241379,0.216301590565881,0.827586206896552,0.241379310344828,0.140774776125519,91.8,72.9971605135292,144.562955792191,0.89886720579544,63.8402815099667
PAK,Pakistan,2017,category_3,0.517241379310345,0.549695740365112,0.267396519527187,0.793103448275862,0.241379310344828,0.139783425803511,92.7,69.782968567231,152.47894905479,0.981719963243636,63.5648451776601
PAK,Pakistan,2018,category_3,0.551724137931034,0.584178498985801,0.287783392865793,0.827586206896552,0.275862068965517,0.137311735519336,93.4,66.2865134788789,152.723620025674,1.13056867915311,63.2521488449641
PAK,Pakistan,2019,category_3,0.53448275862069,0.568965517241379,0.246148338894745,0.827586206896552,0.241379310344828,0.132278514218439,93.9,69.3336605316545,152.385293154274,1.11900845457948,62.8908368264231
PAK,Pakistan,2020,category_3,0.482758620689655,0.515212981744422,0.233051410351716,0.758620689655172,0.206896551724138,0.131616043397397,94.5,68.9370254463205,155.150889104429,1.16752793615473,62.4919807051901
PAK,Pakistan,2021,category_3,0.517241379310345,0.54158215010142,0.230206976455252,0.724137931034483,0.310344827586207,0.126441782384665,94.9,67.7647351333188,161.930184940555,1.2038517043774,62.0666604485827
PHL,Philippines,2010,unclassified,0.344827586206897,0.340770791075051,0.171456079946515,0.310344827586207,0.379310344827586,0.0550151356499377,85.5,20.8204966553823,151.435471698113,-0.104122923349621,54.4791823273353
PHL,Philippines,2011,unclassified,0.379310344827586,0.379310344827586,0.207595275530607,0.379310344827586,0.379310344827586,0.0554715204430263,87.2,20.7098229392843,144.86128440367,-0.192284471045132,53.3166367535241
PHL,Philippines,2012,unclassified,0.396551724137931,0.398580121703854,0.156665119109651,0.413793103448276,0.379310344827586,0.0557022358917417,87.1,20.3856587522956,118.351254480287,-0.401175074315132,52.0817215189574
PHL,Philippines,2013,unclassified,0.396551724137931,0.398580121703854,0.219701936442472,0.413793103448276,0.379310344827586,0.0547629374157787,87.5,19.5487807852115,155.874955277281,-0.477043847089613,50.8686311233794
PHL,Philippines,2014,unclassified,0.413793103448276,0.413793103448276,0.26584211997145,0.413793103448276,0.413793103448276,0.0538706235780059,89.8,19.6074121914895,157.343470483005,-0.55914125788367,49.7607599787632
PHL,Philippines,2015,unclassified,0.379310344827586,0.37525354969574,0.244985777162858,0.344827586206897,0.413793103448276,0.0530798707152865,89.1,18.3709342960677,139.42343470483,-0.378520893018268,48.8450952254773
PHL,Philippines,2016,unclassified,0.362068965517241,0.360040567951318,0.158307983709917,0.344827586206897,0.379310344827586,0.0523723459435355,92,17.4536608992396,169.625044722719,-0.219130846305014,48.0885251848825
PHL,Philippines,2017,unclassified,0.344827586206897,0.340770791075051,0.193531842498819,0.310344827586207,0.379310344827586,0.0517019596050832,93,15.4542208743718,212.598747763864,-0.156045495816183,47.3989517645656
PHL,Philippines,2018,unclassified,0.344827586206897,0.340770791075051,0.177277846118894,0.310344827586207,0.379310344827586,0.0510664170642516,94.2,14.4820910978846,169.001073345259,-0.0538277352188381,46.7911102535246
PHL,Philippines,2019,unclassified,0.344827586206897,0.340770791075051,0.144419308798392,0.310344827586207,0.379310344827586,0.0504491312880702,95.3,13.8053943166589,195.484257602862,0.126928335729498,46.2842140051983
PHL,Philippines,2020,unclassified,0.344827586206897,0.344827586206897,0.163282413407356,0.344827586206897,0.344827586206897,0.049874526754088,96.4,15.1527334075605,217.111270125224,0.294995429443957,45.8922280104023
PHL,Philippines,2021,unclassified,0.327586206896552,0.325557809330629,0.154311948996981,0.310344827586207,0.344827586206897,0.0494248722048754,97.5,15.4484408461727,232.025402504472,0.156245163088429,45.5495897489224
RUS,Russian Federation,2010,flexible_1,0.810344827586207,0.820486815415822,0.340792538964049,0.896551724137931,0.724137931034483,0.851588750754045,99.3,5.63956858425231,15.7245024620013,-0.488277754912346,26.3303692112376
RUS,Russian Federation,2011,flexible_1,0.862068965517241,0.858012170385396,0.46159040643708,0.827586206896552,0.896551724137931,0.850584081277211,99.2,5.74598428262045,16.1872271864134,-0.582661420760463,26.1465148925781
RUS,Russian Federation,2012,flexible_1,0.844827586206897,0.854969574036511,0.32134010752658,0.931034482758621,0.758620689655172,0.848446907783846,100,5.47712489870265,15.4335835066462,-0.20524990683751,26.02734375
RUS,Russian Federation,2013,flexible_1,0.896551724137931,0.896551724137931,0.445640185406732,0.896551724137931,0.896551724137931,0.845926499766303,100,5.47685933569845,15.2982761880492,-0.101483506447933,25.9237050229772
RUS,Russian Federation,2014,flexible_1,0.896551724137931,0.896551724137931,0.607044825119254,0.896551724137931,0.896551724137931,0.843395327986868,100,5.20050243183097,15.9005006206381,-0.0920628341692492,25.8223523251209
RUS,Russian Federation,2015,flexible_1,0.913793103448276,0.915821501014199,0.615493448216392,0.931034482758621,0.896551724137931,0.841042573378854,95.5,5.1741099585128,16.6626112832822,-0.101940914075579,25.724080934473
RUS,Russian Federation,2016,flexible_1,0.913793103448276,0.915821501014199,0.460546741816978,0.931034482758621,0.896551724137931,0.838869179879166,99.4,5.05405791726035,18.6871819743689,-0.108876033884663,25.6296861290757
RUS,Russian Federation,2017,flexible_1,0.896551724137931,0.896551724137931,0.56705698452397,0.896551724137931,0.896551724137931,0.837265266124526,100,4.07369710080383,20.328288765218,-0.159305635538444,25.539963186971
RUS,Russian Federation,2018,flexible_1,0.931034482758621,0.935091277890466,0.656454141929269,0.96551724137931,0.896551724137931,0.836661517447827,100,4.03574045286032,20.8141127341778,-0.258308428489068,25.4557073862008
RUS,Russian Federation,2019,flexible_1,0.913793103448276,0.915821501014199,0.477708084769009,0.931034482758621,0.896551724137931,0.836344087945043,99.8,4.05528178248784,22.5914475252571,-0.268911140762,25.3777140048074
RUS,Russian Federation,2020,flexible_1,0.931034482758621,0.931034482758621,0.524189768262205,0.931034482758621,0.931034482758621,0.837542607619499,99.9,4.20841712293853,25.3278119836579,-0.423111454103497,25.3067783208326
RUS,Russian Federation,2021,flexible_1,0.913793103448276,0.915821501014199,0.455606841318069,0.931034482758621,0.896551724137931,0.840426399313858,100,3.96553393516241,27.5029634440069,-0.575006794178836,25.2483159779748
THA,Thailand,2010,flexible_2,0.896551724137931,0.900608519269777,0.432432136590722,0.931034482758621,0.862068965517241,0.262534925369112,99.7,36.0279979864168,139.43669638146,-1.1042102999465,55.9981263377504
THA,Thailand,2011,flexible_2,0.896551724137931,0.900608519269777,0.511646567981914,0.931034482758621,0.862068965517241,0.259404785656594,99.3,39.1801008116973,143.798265999285,-0.822544856357799,55.1951276442626
THA,Thailand,2012,flexible_2,0.862068965517241,0.858012170385396,0.362545861991853,0.827586206896552,0.896551724137931,0.250346728872927,99.1,40.3451303972334,145.71158193878,-0.416088240199624,54.626434186285
THA,Thailand,2013,flexible_2,0.896551724137931,0.900608519269777,0.439421372331282,0.931034482758621,0.862068965517241,0.248324677371133,99.4,36.9530047207548,161.546190362147,-0.255680697952356,54.1678656152227
THA,Thailand,2014,flexible_2,0.844827586206897,0.854969574036511,0.608941003383761,0.931034482758621,0.758620689655172,0.242557408303395,99.5,31.1855447808113,156.825235592872,-0.363204183727711,53.6861200532103
THA,Thailand,2015,flexible_2,0.793103448275862,0.8052738336714,0.50112076404398,0.896551724137931,0.689655172413793,0.239773311315814,99.6,29.8487176742294,135.252101834005,-0.734954254667946,53.0478956223829
THA,Thailand,2016,flexible_2,0.844827586206897,0.850912778904665,0.35486203006446,0.896551724137931,0.793103448275862,0.238061499460604,99.9,28.4546807715947,146.941193905981,-1.31358909627982,52.1198904448753
THA,Thailand,2017,flexible_2,0.862068965517241,0.874239350912779,0.481756988233959,0.96551724137931,0.758620689655172,0.235576952601319,99.9,28.5274823970939,166.988314035684,-2.20349541279602,50.7688026428223
THA,Thailand,2018,flexible_2,0.862068965517241,0.866125760649087,0.463421416070511,0.896551724137931,0.827586206896552,0.234490276497256,99.8,29.2146329537378,138.496115476872,-10.8396525010914,45.4156265258789
THA,Thailand,2019,flexible_2,0.793103448275862,0.801217038539554,0.331001211160203,0.862068965517241,0.724137931034483,0.232492995084007,99.9,28.3144170016018,113.527214570566,-2.79540712047706,44.0733833312988
THA,Thailand,2020,flexible_2,0.741379310344828,0.739350912778905,0.315729082807997,0.724137931034483,0.758620689655172,0.234830418923204,100,27.9737945804029,136.490349327558,-2.84911579372034,42.7641220092773
THA,Thailand,2021,flexible_2,0.775862068965517,0.773833671399594,0.311426297886436,0.758620689655172,0.793103448275862,0.225721486476034,100,28.414559426659,147.621182923214,-2.90200079074412,41.4912223815918
TUR,Turkiye,2010,flexible_2,0.672413793103448,0.662271805273834,0.284913280808207,0.586206896551724,0.758620689655172,0.292362201548628,100,32.2287531428628,98.3756546950991,-3.27981937058656,30.6528746058513
TUR,Turkiye,2011,flexible_2,0.53448275862069,0.512170385395537,0.304893730820521,0.344827586206897,0.724137931034483,0.276717809095538,100,32.1161426436862,89.9411363747018,-4.08519679776903,28.9971276471666
TUR,Turkiye,2012,flexible_2,0.568965517241379,0.554766734279919,0.244007574676558,0.448275862068966,0.689655172413793,0.273718305752726,100,30.3707019595556,100.346406181659,-8.78839183447219,26.2211319765676
TUR,Turkiye,2013,flexible_2,0.53448275862069,0.516227180527383,0.295189555950658,0.379310344827586,0.689655172413793,0.270185711900873,100,29.5706871073049,112.381355108389,-18.6684755131219,21.4781631615304
TUR,Turkiye,2014,flexible_2,0.482758620689655,0.45841784989858,0.295155271730796,0.275862068965517,0.689655172413793,0.268184694740025,100,28.9032065773111,105.330788927001,-25.6416069119735,16.3975149255567
TUR,Turkiye,2015,flexible_2,0.5,0.473630831643002,0.324242371621914,0.275862068965517,0.724137931034483,0.264004110844446,100,27.2937197268189,106.670024213075,-23.5649891885483,12.7832892027463
TUR,Turkiye,2016,flexible_2,0.517241379310345,0.49290060851927,0.220468541525267,0.310344827586207,0.724137931034483,0.257095408179136,100,26.0072086695755,137.733294083014,-5.83222194410733,11.8979041418224
TUR,Turkiye,2017,flexible_2,0.482758620689655,0.45841784989858,0.222787668417105,0.275862068965517,0.689655172413793,0.249001720749065,100,25.9311158368242,132.229872987299,1.88377863531677,11.9679527282714
TUR,Turkiye,2018,flexible_2,0.46551724137931,0.443204868154158,0.229261021571177,0.275862068965517,0.655172413793103,0.242275855586442,100,24.2618690427404,109.727627642854,0.231623931659625,11.8344250423827
TUR,Turkiye,2019,flexible_2,0.431034482758621,0.404665314401623,0.181400003832887,0.206896551724138,0.655172413793103,0.237105022751426,100,23.4241517502549,125.96608784474,-2.85395799194403,11.3381847142876
TUR,Turkiye,2020,flexible_2,0.46551724137931,0.439148073022312,0.199942673813578,0.241379310344828,0.689655172413793,0.234887271858572,100,23.0526036931974,149.642040232819,-1.42617285655531,11.0696885034778
TUR,Turkiye,2021,flexible_2,0.396551724137931,0.366125760649087,0.162135963860509,0.137931034482759,0.655172413793103,0.236264214624167,100,22.7160423758274,129.527991549721,-1.3359192617075,10.8237951846761
TZA,Tanzania,2010,flexible_2,0.310344827586207,0.318458417849899,0.176784644577116,0.379310344827586,0.241379310344828,0.261145997603851,14.8,71.1250980003946,8.72010950934679,1.57637510254232,71.8031046060895
TZA,Tanzania,2011,flexible_2,0.344827586206897,0.36105476673428,0.187592062282494,0.482758620689655,0.206896551724138,0.257876672516483,14.2,70.26445538465,8.91877774875947,1.86400598935163,71.134273594457
TZA,Tanzania,2012,flexible_2,0.362068965517241,0.380324543610548,0.127218033092138,0.517241379310345,0.206896551724138,0.254384976145274,15.3,69.8416256172114,8.6888551442583,2.00148325824581,70.5121235402089
TZA,Tanzania,2013,flexible_2,0.344827586206897,0.36105476673428,0.204178883779666,0.482758620689655,0.206896551724138,0.250546205351584,16.4,69.0059828983059,12.3800142241696,2.18197471214631,69.9274891217498
TZA,Tanzania,2014,flexible_2,0.431034482758621,0.449290060851927,0.290779821635211,0.586206896551724,0.275862068965517,0.246548703443106,23.5,68.147498512306,9.68278006460396,2.25934219950017,69.3556922829258
TZA,Tanzania,2015,flexible_2,0.396551724137931,0.414807302231237,0.26269968516929,0.551724137931034,0.241379310344828,0.242123550118124,26.2,67.7689804351222,9.55539676868723,2.44841241309418,68.7938433407528
TZA,Tanzania,2016,flexible_2,0.448275862068966,0.468559837728195,0.174352096023211,0.620689655172414,0.275862068965517,0.237382894508442,32.8,67.2874035520856,13.3178627053511,2.60228614557198,68.2422696757084
TZA,Tanzania,2017,flexible_2,0.413793103448276,0.438133874239351,0.216001798072307,0.620689655172414,0.206896551724138,0.232841457110314,32.1,66.8548899444091,12.6263475918909,2.54554972456445,67.7012986682704
TZA,Tanzania,2018,flexible_2,0.46551724137931,0.491886409736308,0.236708996864389,0.689655172413793,0.241379310344828,0.228766593464908,34.9,66.4690592186323,16.2664292183231,2.36973077268706,67.1712576989166
TZA,Tanzania,2019,flexible_2,0.431034482758621,0.457403651115619,0.1853949380994,0.655172413793103,0.206896551724138,0.225114060624125,37.7,66.0344437657017,8.9801893237045,2.20528118134194,66.6524741481248
TZA,Tanzania,2020,flexible_2,0.448275862068966,0.472616632860041,0.213837651663107,0.655172413793103,0.241379310344828,0.221451211735437,39.9,67.3156780400644,16.9277541196075,2.22918091822583,66.1452753963727
TZA,Tanzania,2021,flexible_2,0.448275862068966,0.476673427991886,0.220949531471745,0.689655172413793,0.206896551724138,0.214903890810075,42.7,67.7890847732208,9.92579152008887,2.24953513244697,65.6499888241381
USA,United States,2010,category_1,0.931034482758621,0.922920892494929,0.683800353209248,0.862068965517241,1,0.509615061889924,100,0.955112884467409,124.742074360818,0.769804616313194,19.3002255326634
USA,United States,2011,category_1,0.931034482758621,0.922920892494929,0.712845409565682,0.862068965517241,1,0.50120883001398,100,0.983882229534464,130.282137245549,0.813214851841808,19.3042445743976
USA,United States,2012,category_1,0.896551724137931,0.884381338742394,0.592818705832245,0.793103448275862,1,0.492791771665669,100,0.986676705422542,134.988067410634,0.860557502092357,19.3162506613762
USA,United States,2013,category_1,0.879310344827586,0.865111561866126,0.700766137044216,0.758620689655172,1,0.490700267810424,100,0.880742898557755,135.673477861669,0.874836257928527,19.339110718785
USA,United States,2014,category_1,0.931034482758621,0.922920892494929,0.801586061192733,0.862068965517241,1,0.488509472727913,100,0.897824212908896,128.08924823705,0.985439961184192,19.3757768220234
USA,United States,2015,category_1,0.896551724137931,0.884381338742394,0.788316243937713,0.793103448275862,1,0.486159456130714,100,0.980392758013009,129.184330326896,1.07325289645783,19.4292010464909
USA,United States,2016,category_1,0.913793103448276,0.907707910750507,0.669024581846472,0.862068965517241,0.96551724137931,0.483778024607362,100,0.990341812285253,128.040032389991,1.16133281931959,19.5023354675869
USA,United States,2017,category_1,0.913793103448276,0.907707910750507,0.632506747337409,0.862068965517241,0.96551724137931,0.482007612971402,100,0.971997192642586,127.967235730789,1.18291102146239,19.5981321607109
USA,United States,2018,category_1,0.913793103448276,0.907707910750507,0.662711670092165,0.862068965517241,0.96551724137931,0.475771312364975,100,0.987364067444686,130.337684511433,1.20402512274566,19.7195432012623
USA,United States,2019,category_1,0.879310344827586,0.869168356997972,0.536503715384831,0.793103448275862,0.96551724137931,0.469656306250927,100,0.974052313523973,130.085491379582,1.27278251976855,19.8695206646406
USA,United States,2020,category_1,0.913793103448276,0.907707910750507,0.568331308183984,0.862068965517241,0.96551724137931,0.464154879780602,100,1.03291246381634,134.602541285667,1.07581817055058,20.002548237452
USA,United States,2021,category_1,0.931034482758621,0.926977687626775,0.554310745812122,0.896551724137931,0.96551724137931,0.459835843623156,100,0.994607923075903,130.586361634967,0.107194689463859,19.9925234859728
VNM,Viet Nam,2010,flexible_2,0.793103448275862,0.793103448275862,0.353274833177249,0.793103448275862,0.793103448275862,0.0736080133963977,97.4,51.1829002868241,365.253518501258,0.441116885238349,69.7495972741474
VNM,Viet Nam,2011,flexible_2,0.793103448275862,0.793103448275862,0.405821518889071,0.793103448275862,0.793103448275862,0.0727672960965437,99,50.938936556336,353.756679507891,0.505732044712037,69.3003958319004
VNM,Viet Nam,2012,flexible_2,0.827586206896552,0.831643002028398,0.326937216300597,0.862068965517241,0.793103448275862,0.0715146301060405,97.9,49.5100958909496,371.137581428772,0.559203743379724,68.8777220596971
VNM,Viet Nam,2013,flexible_2,0.775862068965517,0.77789046653144,0.392451310194035,0.793103448275862,0.758620689655172,0.0709128838070958,98.5,48.7857882838552,483.857974715078,0.581593839412582,68.4665798275457
VNM,Viet Nam,2014,flexible_2,0.724137931034483,0.716024340770791,0.437243815542074,0.655172413793103,0.793103448275862,0.0699119710171441,99.2,48.1318060396858,436.848584132928,0.60683260549491,68.0519730054546
VNM,Viet Nam,2015,flexible_2,0.724137931034483,0.716024340770791,0.413217857229706,0.655172413793103,0.793103448275862,0.0754423024213308,99.3,45.4624541841593,432.273519163763,0.601341757666547,67.6189054634321
VNM,Viet Nam,2016,flexible_2,0.586206896551724,0.565922920892495,0.263232815371986,0.413793103448276,0.758620689655172,0.0744467158482367,99.2,43.4981815324226,424.697484995713,0.567561687577628,67.1523810714864
VNM,Viet Nam,2017,flexible_2,0.637931034482759,0.627789046653144,0.303675026400307,0.551724137931034,0.724137931034483,0.0734242694007817,100,41.4871027577886,457.98634861125,0.474369329238259,66.6374036996258
VNM,Viet Nam,2018,flexible_2,0.655172413793103,0.63894523326572,0.302924487282283,0.517241379310345,0.793103448275862,0.0722391279416252,100,38.7798673159368,417.43602652436,0.236105169133974,66.0589772178588
VNM,Viet Nam,2019,flexible_2,0.637931034482759,0.623732251521298,0.256935143718238,0.517241379310345,0.758620689655172,0.0698130738482366,99.4,35.8866346513588,432.696344339623,-0.0707731936502771,65.3760865000489
VNM,Viet Nam,2020,flexible_2,0.586206896551724,0.569979716024341,0.259986980460725,0.448275862068966,0.724137931034483,0.0691991841572184,99.8,33.8197701746786,456.874465890673,-0.531319939660916,64.4293323700258
VNM,Viet Nam,2021,flexible_2,0.603448275862069,0.589249492900608,0.246173321812216,0.482758620689655,0.724137931034483,0.0686640043556636,100,28.732682861946,460.037860944934,-0.826944261759768,63.3459343573397
ZAF,South Africa,2010,flexible_2,0.46551724137931,0.467545638945233,0.216140411285253,0.482758620689655,0.448275862068966,0.239435041051752,82.8,3.55039016966335,53.7780260113301,0.196020248147038,37.3700879439431
ZAF,South Africa,2011,flexible_2,0.482758620689655,0.486815415821501,0.221507012093217,0.517241379310345,0.448275862068966,0.227058278197056,83.6,3.46430119043194,60.3340812764897,0.643941785074363,37.149372245548
ZAF,South Africa,2012,flexible_2,0.396551724137931,0.390466531440162,0.160707291667735,0.344827586206897,0.448275862068966,0.223120625685271,85.2,3.59019267069045,61.5833333333333,1.17547605644309,37.0383439696737
ZAF,South Africa,2013,flexible_2,0.482758620689655,0.486815415821501,0.235007813243217,0.517241379310345,0.448275862068966,0.219463521057004,85.2,3.51742839453857,67.5,1.40734724681383,36.9475975902966
ZAF,South Africa,2014,flexible_2,0.46551724137931,0.467545638945233,0.308720659432107,0.482758620689655,0.448275862068966,0.215847377772735,85.9,3.22134804573027,66.4916666666667,1.43701059210284,36.8647672934258
ZAF,South Africa,2015,flexible_2,0.379310344827586,0.383367139959432,0.247621121487756,0.413793103448276,0.344827586206897,0.211552393145018,85.3,4.25438965058057,62.675,1.80785639136745,36.7903650062769
ZAF,South Africa,2016,flexible_2,0.189655172413793,0.18762677484787,0.113114029910687,0.172413793103448,0.206896551724138,0.20957202406285,83.9,3.89831126803292,57.25,0.762429729730405,36.7249026560653
ZAF,South Africa,2017,flexible_2,0.517241379310345,0.513184584178499,0.245993788621316,0.482758620689655,0.551724137931034,0.208206233548888,84.4,3.78931106562352,72.825,0.501207222296685,36.6688921700064
ZAF,South Africa,2018,flexible_2,0.448275862068966,0.452332657200811,0.221828743499573,0.482758620689655,0.413793103448276,0.20473273497803,84.7,3.88696266564245,90.0905,1.55671966008129,36.6228454753159
ZAF,South Africa,2019,flexible_2,0.344827586206897,0.348884381338742,0.168968585120172,0.379310344827586,0.310344827586207,0.20138321741072,85,3.78946877569366,91.79075,1.55239867563719,36.5872744992092
ZAF,South Africa,2020,flexible_2,0.586206896551724,0.586206896551724,0.233296732400752,0.586206896551724,0.586206896551724,0.19814280419391,90,3.9636505244388,94.2536666666667,1.55494955573595,36.5626911689018
ZAF,South Africa,2021,flexible_2,0.586206896551724,0.59026369168357,0.232711784874597,0.620689655172414,0.551724137931034,0.195113692992799,89.3,3.72415974344547,104.638833333333,1.50476832151292,36.5496074116091
