iso3,country,year,pou_year_period,pou_lower_bound,pou_upper_bound,pou_value_status,fies_year_period,fies_exact_value,fies_value_status
ARG,Argentina,2010,2009-2011,3.7,3.7,observed_exact,,,
ARG,Argentina,2011,2010-2012,3.7,3.7,observed_exact,,,
ARG,Argentina,2012,2011-2013,3.6,3.6,observed_exact,,,
ARG,Argentina,2013,2012-2014,3.2,3.2,observed_exact,,,
ARG,Argentina,2014,2013-2015,2.9,2.9,observed_exact,,,
ARG,Argentina,2015,2014-2016,2.9,2.9,observed_exact,2014-2016,19.2,observed_exact
ARG,Argentina,2016,2015-2017,3.2,3.2,observed_exact,2015-2017,25.9,observed_exact
ARG,Argentina,2017,2016-2018,3.5,3.5,observed_exact,2016-2018,32.3,observed_exact
ARG,Argentina,2018,2017-2019,3.7,3.7,observed_exact,2017-2019,35.8,observed_exact
ARG,Argentina,2019,2018-2020,3.6,3.6,observed_exact,2018-2020,35.8,observed_exact
ARG,Argentina,2020,2019-2021,3.5,3.5,observed_exact,2019-2021,36.9,observed_exact
ARG,Argentina,2021,2020-2022,3.3,3.3,observed_exact,2020-2022,36.9,observed_exact
ARG,Argentina,2022,2021-2023,3.3,3.3,observed_exact,2021-2023,36.1,observed_exact
ARG,Argentina,2023,2022-2024,3.2,3.2,observed_exact,2022-2024,33.8,observed_exact
BGD,Bangladesh,2010,2009-2011,18.2,18.2,observed_exact,,,
BGD,Bangladesh,2011,2010-2012,18,18,observed_exact,,,
BGD,Bangladesh,2012,2011-2013,17.3,17.3,observed_exact,,,
BGD,Bangladesh,2013,2012-2014,16.8,16.8,observed_exact,,,
BGD,Bangladesh,2014,2013-2015,15.6,15.6,observed_exact,,,
BGD,Bangladesh,2015,2014-2016,15.3,15.3,observed_exact,2014-2016,30.6,observed_exact
BGD,Bangladesh,2016,2015-2017,14.4,14.4,observed_exact,2015-2017,30.3,observed_exact
BGD,Bangladesh,2017,2016-2018,13.4,13.4,observed_exact,2016-2018,29.9,observed_exact
BGD,Bangladesh,2018,2017-2019,12.1,12.1,observed_exact,2017-2019,30,observed_exact
BGD,Bangladesh,2019,2018-2020,10.9,10.9,observed_exact,2018-2020,30.4,observed_exact
BGD,Bangladesh,2020,2019-2021,10.3,10.3,observed_exact,2019-2021,30.3,observed_exact
BGD,Bangladesh,2021,2020-2022,9.2,9.2,observed_exact,2020-2022,29.7,observed_exact
BGD,Bangladesh,2022,2021-2023,8.9,8.9,observed_exact,2021-2023,27.5,observed_exact
BGD,Bangladesh,2023,2022-2024,8.7,8.7,observed_exact,2022-2024,26,observed_exact
BRA,Brazil,2010,2009-2011,3,3,observed_exact,,,
BRA,Brazil,2011,2010-2012,2.7,2.7,observed_exact,,,
BRA,Brazil,2012,2011-2013,0,2.5,left_censored,,,
BRA,Brazil,2013,2012-2014,0,2.5,left_censored,,,
BRA,Brazil,2014,2013-2015,0,2.5,left_censored,,,
BRA,Brazil,2015,2014-2016,0,2.5,left_censored,2014-2016,13.3,observed_exact
BRA,Brazil,2016,2015-2017,0,2.5,left_censored,2015-2017,15.6,observed_exact
BRA,Brazil,2017,2016-2018,0,2.5,left_censored,2016-2018,15.5,observed_exact
BRA,Brazil,2018,2017-2019,0,2.5,left_censored,2017-2019,14.2,observed_exact
BRA,Brazil,2019,2018-2020,0,2.5,left_censored,2018-2020,15.8,observed_exact
BRA,Brazil,2020,2019-2021,2.8,2.8,observed_exact,2019-2021,19.4,observed_exact
BRA,Brazil,2021,2020-2022,3.5,3.5,observed_exact,2020-2022,22.1,observed_exact
BRA,Brazil,2022,2021-2023,3.4,3.4,observed_exact,2021-2023,18.4,observed_exact
BRA,Brazil,2023,2022-2024,2.7,2.7,observed_exact,2022-2024,13.3,observed_exact
CHN,China,2010,2009-2011,0,2.5,left_censored,,,
CHN,China,2011,2010-2012,0,2.5,left_censored,,,
CHN,China,2012,2011-2013,0,2.5,left_censored,,,
CHN,China,2013,2012-2014,0,2.5,left_censored,,,
CHN,China,2014,2013-2015,0,2.5,left_censored,,,
CHN,China,2015,2014-2016,0,2.5,left_censored,2014-2016,,suppressed
CHN,China,2016,2015-2017,0,2.5,left_censored,2015-2017,,suppressed
CHN,China,2017,2016-2018,0,2.5,left_censored,2016-2018,,suppressed
CHN,China,2018,2017-2019,0,2.5,left_censored,2017-2019,,suppressed
CHN,China,2019,2018-2020,0,2.5,left_censored,2018-2020,,suppressed
CHN,China,2020,2019-2021,0,2.5,left_censored,2019-2021,,suppressed
CHN,China,2021,2020-2022,0,2.5,left_censored,2020-2022,,suppressed
CHN,China,2022,2021-2023,0,2.5,left_censored,2021-2023,,suppressed
CHN,China,2023,2022-2024,0,2.5,left_censored,2022-2024,,suppressed
COD,"Congo, Dem. Rep.",2010,2009-2011,29.6,29.6,observed_exact,,,
COD,"Congo, Dem. Rep.",2011,2010-2012,31.4,31.4,observed_exact,,,
COD,"Congo, Dem. Rep.",2012,2011-2013,32,32,observed_exact,,,
COD,"Congo, Dem. Rep.",2013,2012-2014,31.6,31.6,observed_exact,,,
COD,"Congo, Dem. Rep.",2014,2013-2015,31.6,31.6,observed_exact,,,
COD,"Congo, Dem. Rep.",2015,2014-2016,32.8,32.8,observed_exact,2014-2016,,published_missing
COD,"Congo, Dem. Rep.",2016,2015-2017,34,34,observed_exact,2015-2017,,published_missing
COD,"Congo, Dem. Rep.",2017,2016-2018,34.4,34.4,observed_exact,2016-2018,,published_missing
COD,"Congo, Dem. Rep.",2018,2017-2019,34,34,observed_exact,2017-2019,,published_missing
COD,"Congo, Dem. Rep.",2019,2018-2020,34.4,34.4,observed_exact,2018-2020,69.2,observed_exact
COD,"Congo, Dem. Rep.",2020,2019-2021,34,34,observed_exact,2019-2021,72.3,observed_exact
COD,"Congo, Dem. Rep.",2021,2020-2022,35.5,35.5,observed_exact,2020-2022,75.9,observed_exact
COD,"Congo, Dem. Rep.",2022,2021-2023,37.5,37.5,observed_exact,2021-2023,80.2,observed_exact
COD,"Congo, Dem. Rep.",2023,2022-2024,39.4,39.4,observed_exact,2022-2024,81.5,observed_exact
COL,Colombia,2010,2009-2011,11.1,11.1,observed_exact,,,
COL,Colombia,2011,2010-2012,10,10,observed_exact,,,
COL,Colombia,2012,2011-2013,8.6,8.6,observed_exact,,,
COL,Colombia,2013,2012-2014,7,7,observed_exact,,,
COL,Colombia,2014,2013-2015,5.8,5.8,observed_exact,,,
COL,Colombia,2015,2014-2016,5,5,observed_exact,2014-2016,19.9,observed_exact
COL,Colombia,2016,2015-2017,4.4,4.4,observed_exact,2015-2017,22.3,observed_exact
COL,Colombia,2017,2016-2018,4.2,4.2,observed_exact,2016-2018,24.9,observed_exact
COL,Colombia,2018,2017-2019,4.2,4.2,observed_exact,2017-2019,26.5,observed_exact
COL,Colombia,2019,2018-2020,4.1,4.1,observed_exact,2018-2020,28.5,observed_exact
COL,Colombia,2020,2019-2021,4.2,4.2,observed_exact,2019-2021,30.5,observed_exact
COL,Colombia,2021,2020-2022,4.1,4.1,observed_exact,2020-2022,31.6,observed_exact
COL,Colombia,2022,2021-2023,4.2,4.2,observed_exact,2021-2023,30.6,observed_exact
COL,Colombia,2023,2022-2024,4.2,4.2,observed_exact,2022-2024,28.9,observed_exact
DEU,Germany,2010,2009-2011,0,2.5,left_censored,,,
DEU,Germany,2011,2010-2012,0,2.5,left_censored,,,
DEU,Germany,2012,2011-2013,0,2.5,left_censored,,,
DEU,Germany,2013,2012-2014,0,2.5,left_censored,,,
DEU,Germany,2014,2013-2015,0,2.5,left_censored,,,
DEU,Germany,2015,2014-2016,0,2.5,left_censored,2014-2016,4.1,observed_exact
DEU,Germany,2016,2015-2017,0,2.5,left_censored,2015-2017,3.8,observed_exact
DEU,Germany,2017,2016-2018,0,2.5,left_censored,2016-2018,3.6,observed_exact
DEU,Germany,2018,2017-2019,0,2.5,left_censored,2017-2019,3.5,observed_exact
DEU,Germany,2019,2018-2020,0,2.5,left_censored,2018-2020,3.4,observed_exact
DEU,Germany,2020,2019-2021,0,2.5,left_censored,2019-2021,3.5,observed_exact
DEU,Germany,2021,2020-2022,0,2.5,left_censored,2020-2022,3.8,observed_exact
DEU,Germany,2022,2021-2023,0,2.5,left_censored,2021-2023,4,observed_exact
DEU,Germany,2023,2022-2024,0,2.5,left_censored,2022-2024,4.1,observed_exact
EGY,"Egypt, Arab Rep.",2010,2009-2011,5.1,5.1,observed_exact,,,
EGY,"Egypt, Arab Rep.",2011,2010-2012,5.2,5.2,observed_exact,,,
EGY,"Egypt, Arab Rep.",2012,2011-2013,5.7,5.7,observed_exact,,,
EGY,"Egypt, Arab Rep.",2013,2012-2014,6.1,6.1,observed_exact,,,
EGY,"Egypt, Arab Rep.",2014,2013-2015,6.4,6.4,observed_exact,,,
EGY,"Egypt, Arab Rep.",2015,2014-2016,6.5,6.5,observed_exact,2014-2016,27.8,observed_exact
EGY,"Egypt, Arab Rep.",2016,2015-2017,6.6,6.6,observed_exact,2015-2017,29.9,observed_exact
EGY,"Egypt, Arab Rep.",2017,2016-2018,6.5,6.5,observed_exact,2016-2018,33.1,observed_exact
EGY,"Egypt, Arab Rep.",2018,2017-2019,6.4,6.4,observed_exact,2017-2019,31.2,observed_exact
EGY,"Egypt, Arab Rep.",2019,2018-2020,6.5,6.5,observed_exact,2018-2020,27.8,observed_exact
EGY,"Egypt, Arab Rep.",2020,2019-2021,7.1,7.1,observed_exact,2019-2021,27.3,observed_exact
EGY,"Egypt, Arab Rep.",2021,2020-2022,8,8,observed_exact,2020-2022,28.5,observed_exact
EGY,"Egypt, Arab Rep.",2022,2021-2023,8.5,8.5,observed_exact,2021-2023,29.8,observed_exact
EGY,"Egypt, Arab Rep.",2023,2022-2024,8.6,8.6,observed_exact,2022-2024,30.8,observed_exact
ETH,Ethiopia,2010,2009-2011,23.1,23.1,observed_exact,,,
ETH,Ethiopia,2011,2010-2012,22.2,22.2,observed_exact,,,
ETH,Ethiopia,2012,2011-2013,20.7,20.7,observed_exact,,,
ETH,Ethiopia,2013,2012-2014,18.4,18.4,observed_exact,,,
ETH,Ethiopia,2014,2013-2015,15.6,15.6,observed_exact,,,
ETH,Ethiopia,2015,2014-2016,14,14,observed_exact,2014-2016,56.2,observed_exact
ETH,Ethiopia,2016,2015-2017,13.6,13.6,observed_exact,2015-2017,58.3,observed_exact
ETH,Ethiopia,2017,2016-2018,14.7,14.7,observed_exact,2016-2018,59.4,observed_exact
ETH,Ethiopia,2018,2017-2019,16.6,16.6,observed_exact,2017-2019,57.9,observed_exact
ETH,Ethiopia,2019,2018-2020,18.7,18.7,observed_exact,2018-2020,56.3,observed_exact
ETH,Ethiopia,2020,2019-2021,20.3,20.3,observed_exact,2019-2021,56.2,observed_exact
ETH,Ethiopia,2021,2020-2022,20.8,20.8,observed_exact,2020-2022,58.1,observed_exact
ETH,Ethiopia,2022,2021-2023,20.6,20.6,observed_exact,2021-2023,59,observed_exact
ETH,Ethiopia,2023,2022-2024,20.6,20.6,observed_exact,2022-2024,61.4,observed_exact
FRA,France,2010,2009-2011,0,2.5,left_censored,,,
FRA,France,2011,2010-2012,0,2.5,left_censored,,,
FRA,France,2012,2011-2013,0,2.5,left_censored,,,
FRA,France,2013,2012-2014,0,2.5,left_censored,,,
FRA,France,2014,2013-2015,0,2.5,left_censored,,,
FRA,France,2015,2014-2016,0,2.5,left_censored,2014-2016,6.8,observed_exact
FRA,France,2016,2015-2017,0,2.5,left_censored,2015-2017,6.3,observed_exact
FRA,France,2017,2016-2018,0,2.5,left_censored,2016-2018,6.3,observed_exact
FRA,France,2018,2017-2019,0,2.5,left_censored,2017-2019,6,observed_exact
FRA,France,2019,2018-2020,0,2.5,left_censored,2018-2020,5.8,observed_exact
FRA,France,2020,2019-2021,0,2.5,left_censored,2019-2021,5.9,observed_exact
FRA,France,2021,2020-2022,0,2.5,left_censored,2020-2022,6.6,observed_exact
FRA,France,2022,2021-2023,0,2.5,left_censored,2021-2023,7.9,observed_exact
FRA,France,2023,2022-2024,0,2.5,left_censored,2022-2024,8.4,observed_exact
GBR,United Kingdom,2010,2009-2011,0,2.5,left_censored,,,
GBR,United Kingdom,2011,2010-2012,0,2.5,left_censored,,,
GBR,United Kingdom,2012,2011-2013,0,2.5,left_censored,,,
GBR,United Kingdom,2013,2012-2014,0,2.5,left_censored,,,
GBR,United Kingdom,2014,2013-2015,0,2.5,left_censored,,,
GBR,United Kingdom,2015,2014-2016,0,2.5,left_censored,2014-2016,6.3,observed_exact
GBR,United Kingdom,2016,2015-2017,0,2.5,left_censored,2015-2017,6.1,observed_exact
GBR,United Kingdom,2017,2016-2018,0,2.5,left_censored,2016-2018,5.6,observed_exact
GBR,United Kingdom,2018,2017-2019,0,2.5,left_censored,2017-2019,4.9,observed_exact
GBR,United Kingdom,2019,2018-2020,0,2.5,left_censored,2018-2020,3.9,observed_exact
GBR,United Kingdom,2020,2019-2021,0,2.5,left_censored,2019-2021,3.5,observed_exact
GBR,United Kingdom,2021,2020-2022,0,2.5,left_censored,2020-2022,4.1,observed_exact
GBR,United Kingdom,2022,2021-2023,0,2.5,left_censored,2021-2023,5.7,observed_exact
GBR,United Kingdom,2023,2022-2024,0,2.5,left_censored,2022-2024,6.9,observed_exact
IDN,Indonesia,2010,2009-2011,12.9,12.9,observed_exact,,,
IDN,Indonesia,2011,2010-2012,10.9,10.9,observed_exact,,,
IDN,Indonesia,2012,2011-2013,9.5,9.5,observed_exact,,,
IDN,Indonesia,2013,2012-2014,8.3,8.3,observed_exact,,,
IDN,Indonesia,2014,2013-2015,7.8,7.8,observed_exact,,,
IDN,Indonesia,2015,2014-2016,7.1,7.1,observed_exact,2014-2016,6,observed_exact
IDN,Indonesia,2016,2015-2017,6.6,6.6,observed_exact,2015-2017,7.3,observed_exact
IDN,Indonesia,2017,2016-2018,6,6,observed_exact,2016-2018,7.6,observed_exact
IDN,Indonesia,2018,2017-2019,6,6,observed_exact,2017-2019,7,observed_exact
IDN,Indonesia,2019,2018-2020,6.4,6.4,observed_exact,2018-2020,5.8,observed_exact
IDN,Indonesia,2020,2019-2021,6.6,6.6,observed_exact,2019-2021,5.1,observed_exact
IDN,Indonesia,2021,2020-2022,6.7,6.7,observed_exact,2020-2022,4.9,observed_exact
IDN,Indonesia,2022,2021-2023,6.6,6.6,observed_exact,2021-2023,4.7,observed_exact
IDN,Indonesia,2023,2022-2024,6.5,6.5,observed_exact,2022-2024,4.5,observed_exact
IND,India,2010,2009-2011,14.6,14.6,observed_exact,,,
IND,India,2011,2010-2012,14.3,14.3,observed_exact,,,
IND,India,2012,2011-2013,13.2,13.2,observed_exact,,,
IND,India,2013,2012-2014,12.5,12.5,observed_exact,,,
IND,India,2014,2013-2015,12.5,12.5,observed_exact,,,
IND,India,2015,2014-2016,12.4,12.4,observed_exact,2014-2016,,suppressed
IND,India,2016,2015-2017,12,12,observed_exact,2015-2017,,suppressed
IND,India,2017,2016-2018,10.6,10.6,observed_exact,2016-2018,,suppressed
IND,India,2018,2017-2019,10.5,10.5,observed_exact,2017-2019,,suppressed
IND,India,2019,2018-2020,11.8,11.8,observed_exact,2018-2020,,suppressed
IND,India,2020,2019-2021,13.2,13.2,observed_exact,2019-2021,,suppressed
IND,India,2021,2020-2022,13.9,13.9,observed_exact,2020-2022,,suppressed
IND,India,2022,2021-2023,13.2,13.2,observed_exact,2021-2023,,suppressed
IND,India,2023,2022-2024,11.5,11.5,observed_exact,2022-2024,,suppressed
IRN,"Iran, Islamic Rep.",2010,2009-2011,9.4,9.4,observed_exact,,,
IRN,"Iran, Islamic Rep.",2011,2010-2012,9.5,9.5,observed_exact,,,
IRN,"Iran, Islamic Rep.",2012,2011-2013,9.2,9.2,observed_exact,,,
IRN,"Iran, Islamic Rep.",2013,2012-2014,8,8,observed_exact,,,
IRN,"Iran, Islamic Rep.",2014,2013-2015,7.6,7.6,observed_exact,,,
IRN,"Iran, Islamic Rep.",2015,2014-2016,7.4,7.4,observed_exact,2014-2016,48,observed_exact
IRN,"Iran, Islamic Rep.",2016,2015-2017,7.7,7.7,observed_exact,2015-2017,45.3,observed_exact
IRN,"Iran, Islamic Rep.",2017,2016-2018,8,8,observed_exact,2016-2018,42.4,observed_exact
IRN,"Iran, Islamic Rep.",2018,2017-2019,8,8,observed_exact,2017-2019,40.6,observed_exact
IRN,"Iran, Islamic Rep.",2019,2018-2020,7.7,7.7,observed_exact,2018-2020,42.5,observed_exact
IRN,"Iran, Islamic Rep.",2020,2019-2021,6.9,6.9,observed_exact,2019-2021,42.4,observed_exact
IRN,"Iran, Islamic Rep.",2021,2020-2022,6.8,6.8,observed_exact,2020-2022,40.8,observed_exact
IRN,"Iran, Islamic Rep.",2022,2021-2023,6.6,6.6,observed_exact,2021-2023,39.9,observed_exact
IRN,"Iran, Islamic Rep.",2023,2022-2024,6.7,6.7,observed_exact,2022-2024,38.8,observed_exact
ITA,Italy,2010,2009-2011,0,2.5,left_censored,,,
ITA,Italy,2011,2010-2012,0,2.5,left_censored,,,
ITA,Italy,2012,2011-2013,0,2.5,left_censored,,,
ITA,Italy,2013,2012-2014,0,2.5,left_censored,,,
ITA,Italy,2014,2013-2015,0,2.5,left_censored,,,
ITA,Italy,2015,2014-2016,0,2.5,left_censored,2014-2016,,published_missing
ITA,Italy,2016,2015-2017,0,2.5,left_censored,2015-2017,,published_missing
ITA,Italy,2017,2016-2018,0,2.5,left_censored,2016-2018,,published_missing
ITA,Italy,2018,2017-2019,0,2.5,left_censored,2017-2019,,published_missing
ITA,Italy,2019,2018-2020,0,2.5,left_censored,2018-2020,,published_missing
ITA,Italy,2020,2019-2021,0,2.5,left_censored,2019-2021,,published_missing
ITA,Italy,2021,2020-2022,0,2.5,left_censored,2020-2022,2.2,observed_exact
ITA,Italy,2022,2021-2023,0,2.5,left_censored,2021-2023,2,observed_exact
ITA,Italy,2023,2022-2024,0,2.5,left_censored,2022-2024,1.7,observed_exact
KEN,Kenya,2010,2009-2011,22.3,22.3,observed_exact,,,
KEN,Kenya,2011,2010-2012,20.6,20.6,observed_exact,,,
KEN,Kenya,2012,2011-2013,19.9,19.9,observed_exact,,,
KEN,Kenya,2013,2012-2014,19.4,19.4,observed_exact,,,
KEN,Kenya,2014,2013-2015,19.4,19.4,observed_exact,,,
KEN,Kenya,2015,2014-2016,21.2,21.2,observed_exact,2014-2016,50.7,observed_exact
KEN,Kenya,2016,2015-2017,23,23,observed_exact,2015-2017,54.8,observed_exact
KEN,Kenya,2017,2016-2018,24.8,24.8,observed_exact,2016-2018,60.9,observed_exact
KEN,Kenya,2018,2017-2019,24.6,24.6,observed_exact,2017-2019,64.4,observed_exact
KEN,Kenya,2019,2018-2020,25.8,25.8,observed_exact,2018-2020,67.7,observed_exact
KEN,Kenya,2020,2019-2021,28.8,28.8,observed_exact,2019-2021,69.5,observed_exact
KEN,Kenya,2021,2020-2022,33.4,33.4,observed_exact,2020-2022,72.3,observed_exact
KEN,Kenya,2022,2021-2023,36.2,36.2,observed_exact,2021-2023,72.8,observed_exact
KEN,Kenya,2023,2022-2024,36.4,36.4,observed_exact,2022-2024,73.9,observed_exact
KOR,"Korea, Rep.",2010,2009-2011,0,2.5,left_censored,,,
KOR,"Korea, Rep.",2011,2010-2012,0,2.5,left_censored,,,
KOR,"Korea, Rep.",2012,2011-2013,0,2.5,left_censored,,,
KOR,"Korea, Rep.",2013,2012-2014,0,2.5,left_censored,,,
KOR,"Korea, Rep.",2014,2013-2015,0,2.5,left_censored,,,
KOR,"Korea, Rep.",2015,2014-2016,0,2.5,left_censored,2014-2016,4.8,observed_exact
KOR,"Korea, Rep.",2016,2015-2017,0,2.5,left_censored,2015-2017,5,observed_exact
KOR,"Korea, Rep.",2017,2016-2018,0,2.5,left_censored,2016-2018,5.4,observed_exact
KOR,"Korea, Rep.",2018,2017-2019,0,2.5,left_censored,2017-2019,5.2,observed_exact
KOR,"Korea, Rep.",2019,2018-2020,0,2.5,left_censored,2018-2020,5.1,observed_exact
KOR,"Korea, Rep.",2020,2019-2021,0,2.5,left_censored,2019-2021,5.3,observed_exact
KOR,"Korea, Rep.",2021,2020-2022,0,2.5,left_censored,2020-2022,5.6,observed_exact
KOR,"Korea, Rep.",2022,2021-2023,0,2.5,left_censored,2021-2023,5.7,observed_exact
KOR,"Korea, Rep.",2023,2022-2024,0,2.5,left_censored,2022-2024,5.4,observed_exact
MEX,Mexico,2010,2009-2011,4.2,4.2,observed_exact,,,
MEX,Mexico,2011,2010-2012,4.2,4.2,observed_exact,,,
MEX,Mexico,2012,2011-2013,4.1,4.1,observed_exact,,,
MEX,Mexico,2013,2012-2014,4,4,observed_exact,,,
MEX,Mexico,2014,2013-2015,4,4,observed_exact,,,
MEX,Mexico,2015,2014-2016,3.9,3.9,observed_exact,2014-2016,24.9,observed_exact
MEX,Mexico,2016,2015-2017,3.9,3.9,observed_exact,2015-2017,23.6,observed_exact
MEX,Mexico,2017,2016-2018,3.8,3.8,observed_exact,2016-2018,23,observed_exact
MEX,Mexico,2018,2017-2019,3.7,3.7,observed_exact,2017-2019,23.8,observed_exact
MEX,Mexico,2019,2018-2020,3.6,3.6,observed_exact,2018-2020,25.3,observed_exact
MEX,Mexico,2020,2019-2021,3.3,3.3,observed_exact,2019-2021,25.5,observed_exact
MEX,Mexico,2021,2020-2022,3.2,3.2,observed_exact,2020-2022,23.5,observed_exact
MEX,Mexico,2022,2021-2023,3.3,3.3,observed_exact,2021-2023,20.7,observed_exact
MEX,Mexico,2023,2022-2024,3.3,3.3,observed_exact,2022-2024,17.9,observed_exact
MMR,Myanmar,2010,2009-2011,9.2,9.2,observed_exact,,,
MMR,Myanmar,2011,2010-2012,8,8,observed_exact,,,
MMR,Myanmar,2012,2011-2013,7.4,7.4,observed_exact,,,
MMR,Myanmar,2013,2012-2014,6.4,6.4,observed_exact,,,
MMR,Myanmar,2014,2013-2015,5.5,5.5,observed_exact,,,
MMR,Myanmar,2015,2014-2016,4.5,4.5,observed_exact,2014-2016,,published_missing
MMR,Myanmar,2016,2015-2017,3.8,3.8,observed_exact,2015-2017,,published_missing
MMR,Myanmar,2017,2016-2018,3.4,3.4,observed_exact,2016-2018,,published_missing
MMR,Myanmar,2018,2017-2019,3.2,3.2,observed_exact,2017-2019,,published_missing
MMR,Myanmar,2019,2018-2020,3,3,observed_exact,2018-2020,22.2,observed_exact
MMR,Myanmar,2020,2019-2021,3.6,3.6,observed_exact,2019-2021,25.5,observed_exact
MMR,Myanmar,2021,2020-2022,4.2,4.2,observed_exact,2020-2022,29.3,observed_exact
MMR,Myanmar,2022,2021-2023,4.8,4.8,observed_exact,2021-2023,32,observed_exact
MMR,Myanmar,2023,2022-2024,4.7,4.7,observed_exact,2022-2024,32.7,observed_exact
MYS,Malaysia,2010,2009-2011,3.5,3.5,observed_exact,,,
MYS,Malaysia,2011,2010-2012,3.4,3.4,observed_exact,,,
MYS,Malaysia,2012,2011-2013,3.5,3.5,observed_exact,,,
MYS,Malaysia,2013,2012-2014,3.7,3.7,observed_exact,,,
MYS,Malaysia,2014,2013-2015,3.8,3.8,observed_exact,,,
MYS,Malaysia,2015,2014-2016,3.7,3.7,observed_exact,2014-2016,17.4,observed_exact
MYS,Malaysia,2016,2015-2017,3.3,3.3,observed_exact,2015-2017,15.1,observed_exact
MYS,Malaysia,2017,2016-2018,3.1,3.1,observed_exact,2016-2018,15.1,observed_exact
MYS,Malaysia,2018,2017-2019,2.9,2.9,observed_exact,2017-2019,15.1,observed_exact
MYS,Malaysia,2019,2018-2020,2.8,2.8,observed_exact,2018-2020,14.9,observed_exact
MYS,Malaysia,2020,2019-2021,2.7,2.7,observed_exact,2019-2021,15.4,observed_exact
MYS,Malaysia,2021,2020-2022,0,2.5,left_censored,2020-2022,16,observed_exact
MYS,Malaysia,2022,2021-2023,0,2.5,left_censored,2021-2023,16.7,observed_exact
MYS,Malaysia,2023,2022-2024,0,2.5,left_censored,2022-2024,16.7,observed_exact
NGA,Nigeria,2010,2009-2011,10.5,10.5,observed_exact,,,
NGA,Nigeria,2011,2010-2012,11.3,11.3,observed_exact,,,
NGA,Nigeria,2012,2011-2013,11.9,11.9,observed_exact,,,
NGA,Nigeria,2013,2012-2014,11.8,11.8,observed_exact,,,
NGA,Nigeria,2014,2013-2015,11.4,11.4,observed_exact,,,
NGA,Nigeria,2015,2014-2016,11,11,observed_exact,2014-2016,34.7,observed_exact
NGA,Nigeria,2016,2015-2017,11.1,11.1,observed_exact,2015-2017,38.7,observed_exact
NGA,Nigeria,2017,2016-2018,11.7,11.7,observed_exact,2016-2018,42.8,observed_exact
NGA,Nigeria,2018,2017-2019,12.1,12.1,observed_exact,2017-2019,47.1,observed_exact
NGA,Nigeria,2019,2018-2020,13.9,13.9,observed_exact,2018-2020,53.5,observed_exact
NGA,Nigeria,2020,2019-2021,15.6,15.6,observed_exact,2019-2021,62.9,observed_exact
NGA,Nigeria,2021,2020-2022,17.7,17.7,observed_exact,2020-2022,69.7,observed_exact
NGA,Nigeria,2022,2021-2023,19.3,19.3,observed_exact,2021-2023,73.9,observed_exact
NGA,Nigeria,2023,2022-2024,20.8,20.8,observed_exact,2022-2024,74.8,observed_exact
PAK,Pakistan,2010,2009-2011,15.5,15.5,observed_exact,,,
PAK,Pakistan,2011,2010-2012,15.5,15.5,observed_exact,,,
PAK,Pakistan,2012,2011-2013,15.1,15.1,observed_exact,,,
PAK,Pakistan,2013,2012-2014,14.8,14.8,observed_exact,,,
PAK,Pakistan,2014,2013-2015,14.3,14.3,observed_exact,,,
PAK,Pakistan,2015,2014-2016,13.3,13.3,observed_exact,2014-2016,14.1,observed_exact
PAK,Pakistan,2016,2015-2017,11.5,11.5,observed_exact,2015-2017,12.1,observed_exact
PAK,Pakistan,2017,2016-2018,11.7,11.7,observed_exact,2016-2018,12.8,observed_exact
PAK,Pakistan,2018,2017-2019,10.9,10.9,observed_exact,2017-2019,14.2,observed_exact
PAK,Pakistan,2019,2018-2020,12.9,12.9,observed_exact,2018-2020,24.3,observed_exact
PAK,Pakistan,2020,2019-2021,13.3,13.3,observed_exact,2019-2021,25.8,observed_exact
PAK,Pakistan,2021,2020-2022,16.4,16.4,observed_exact,2020-2022,27.6,observed_exact
PAK,Pakistan,2022,2021-2023,16.7,16.7,observed_exact,2021-2023,21.9,observed_exact
PAK,Pakistan,2023,2022-2024,17,17,observed_exact,2022-2024,22.6,observed_exact
PHL,Philippines,2010,2009-2011,15.5,15.5,observed_exact,,,
PHL,Philippines,2011,2010-2012,14.6,14.6,observed_exact,,,
PHL,Philippines,2012,2011-2013,14.1,14.1,observed_exact,,,
PHL,Philippines,2013,2012-2014,13.5,13.5,observed_exact,,,
PHL,Philippines,2014,2013-2015,13.1,13.1,observed_exact,,,
PHL,Philippines,2015,2014-2016,11.3,11.3,observed_exact,2014-2016,,published_missing
PHL,Philippines,2016,2015-2017,9.8,9.8,observed_exact,2015-2017,,published_missing
PHL,Philippines,2017,2016-2018,7.7,7.7,observed_exact,2016-2018,,published_missing
PHL,Philippines,2018,2017-2019,6.5,6.5,observed_exact,2017-2019,41.2,observed_exact
PHL,Philippines,2019,2018-2020,5.9,5.9,observed_exact,2018-2020,42.7,observed_exact
PHL,Philippines,2020,2019-2021,5.3,5.3,observed_exact,2019-2021,40.1,observed_exact
PHL,Philippines,2021,2020-2022,4.8,4.8,observed_exact,2020-2022,37.4,observed_exact
PHL,Philippines,2022,2021-2023,3.9,3.9,observed_exact,2021-2023,33.2,observed_exact
PHL,Philippines,2023,2022-2024,3.7,3.7,observed_exact,2022-2024,32.9,observed_exact
RUS,Russian Federation,2010,2009-2011,0,2.5,left_censored,,,
RUS,Russian Federation,2011,2010-2012,0,2.5,left_censored,,,
RUS,Russian Federation,2012,2011-2013,0,2.5,left_censored,,,
RUS,Russian Federation,2013,2012-2014,0,2.5,left_censored,,,
RUS,Russian Federation,2014,2013-2015,0,2.5,left_censored,,,
RUS,Russian Federation,2015,2014-2016,0,2.5,left_censored,2014-2016,8.2,observed_exact
RUS,Russian Federation,2016,2015-2017,0,2.5,left_censored,2015-2017,8.9,observed_exact
RUS,Russian Federation,2017,2016-2018,0,2.5,left_censored,2016-2018,7.9,observed_exact
RUS,Russian Federation,2018,2017-2019,0,2.5,left_censored,2017-2019,7.1,observed_exact
RUS,Russian Federation,2019,2018-2020,0,2.5,left_censored,2018-2020,6,observed_exact
RUS,Russian Federation,2020,2019-2021,0,2.5,left_censored,2019-2021,5.5,observed_exact
RUS,Russian Federation,2021,2020-2022,0,2.5,left_censored,2020-2022,4.8,observed_exact
RUS,Russian Federation,2022,2021-2023,0,2.5,left_censored,2021-2023,3.6,observed_exact
RUS,Russian Federation,2023,2022-2024,0,2.5,left_censored,2022-2024,3,observed_exact
THA,Thailand,2010,2009-2011,10.2,10.2,observed_exact,,,
THA,Thailand,2011,2010-2012,9.4,9.4,observed_exact,,,
THA,Thailand,2012,2011-2013,9.3,9.3,observed_exact,,,
THA,Thailand,2013,2012-2014,8.7,8.7,observed_exact,,,
THA,Thailand,2014,2013-2015,8.2,8.2,observed_exact,,,
THA,Thailand,2015,2014-2016,7.8,7.8,observed_exact,2014-2016,,published_missing
THA,Thailand,2016,2015-2017,7.8,7.8,observed_exact,2015-2017,,published_missing
THA,Thailand,2017,2016-2018,8,8,observed_exact,2016-2018,,published_missing
THA,Thailand,2018,2017-2019,7.6,7.6,observed_exact,2017-2019,4.7,observed_exact
THA,Thailand,2019,2018-2020,6.8,6.8,observed_exact,2018-2020,5.4,observed_exact
THA,Thailand,2020,2019-2021,6,6,observed_exact,2019-2021,6.4,observed_exact
THA,Thailand,2021,2020-2022,5.3,5.3,observed_exact,2020-2022,7.1,observed_exact
THA,Thailand,2022,2021-2023,5.2,5.2,observed_exact,2021-2023,6.5,observed_exact
THA,Thailand,2023,2022-2024,5.2,5.2,observed_exact,2022-2024,5.4,observed_exact
TUR,Turkiye,2010,2009-2011,0,2.5,left_censored,,,
TUR,Turkiye,2011,2010-2012,0,2.5,left_censored,,,
TUR,Turkiye,2012,2011-2013,0,2.5,left_censored,,,
TUR,Turkiye,2013,2012-2014,0,2.5,left_censored,,,
TUR,Turkiye,2014,2013-2015,0,2.5,left_censored,,,
TUR,Turkiye,2015,2014-2016,0,2.5,left_censored,2014-2016,,suppressed
TUR,Turkiye,2016,2015-2017,0,2.5,left_censored,2015-2017,,suppressed
TUR,Turkiye,2017,2016-2018,0,2.5,left_censored,2016-2018,,suppressed
TUR,Turkiye,2018,2017-2019,0,2.5,left_censored,2017-2019,,suppressed
TUR,Turkiye,2019,2018-2020,0,2.5,left_censored,2018-2020,,suppressed
TUR,Turkiye,2020,2019-2021,0,2.5,left_censored,2019-2021,,suppressed
TUR,Turkiye,2021,2020-2022,0,2.5,left_censored,2020-2022,,suppressed
TUR,Turkiye,2022,2021-2023,0,2.5,left_censored,2021-2023,,suppressed
TUR,Turkiye,2023,2022-2024,0,2.5,left_censored,2022-2024,,suppressed
TZA,Tanzania,2010,2009-2011,23.7,23.7,observed_exact,,,
TZA,Tanzania,2011,2010-2012,22.6,22.6,observed_exact,,,
TZA,Tanzania,2012,2011-2013,21.6,21.6,observed_exact,,,
TZA,Tanzania,2013,2012-2014,21.1,21.1,observed_exact,,,
TZA,Tanzania,2014,2013-2015,21.1,21.1,observed_exact,,,
TZA,Tanzania,2015,2014-2016,21.4,21.4,observed_exact,2014-2016,48.8,observed_exact
TZA,Tanzania,2016,2015-2017,22,22,observed_exact,2015-2017,55,observed_exact
TZA,Tanzania,2017,2016-2018,22.8,22.8,observed_exact,2016-2018,56.6,observed_exact
TZA,Tanzania,2018,2017-2019,23.3,23.3,observed_exact,2017-2019,56.1,observed_exact
TZA,Tanzania,2019,2018-2020,23.6,23.6,observed_exact,2018-2020,56.3,observed_exact
TZA,Tanzania,2020,2019-2021,23.5,23.5,observed_exact,2019-2021,57.6,observed_exact
TZA,Tanzania,2021,2020-2022,23,23,observed_exact,2020-2022,58.7,observed_exact
TZA,Tanzania,2022,2021-2023,21.7,21.7,observed_exact,2021-2023,58.2,observed_exact
TZA,Tanzania,2023,2022-2024,20.2,20.2,observed_exact,2022-2024,58,observed_exact
USA,United States,2010,2009-2011,0,2.5,left_censored,,,
USA,United States,2011,2010-2012,0,2.5,left_censored,,,
USA,United States,2012,2011-2013,0,2.5,left_censored,,,
USA,United States,2013,2012-2014,0,2.5,left_censored,,,
USA,United States,2014,2013-2015,0,2.5,left_censored,,,
USA,United States,2015,2014-2016,0,2.5,left_censored,2014-2016,10.5,observed_exact
USA,United States,2016,2015-2017,0,2.5,left_censored,2015-2017,9.8,observed_exact
USA,United States,2017,2016-2018,0,2.5,left_censored,2016-2018,8.9,observed_exact
USA,United States,2018,2017-2019,0,2.5,left_censored,2017-2019,8.4,observed_exact
USA,United States,2019,2018-2020,0,2.5,left_censored,2018-2020,8.2,observed_exact
USA,United States,2020,2019-2021,0,2.5,left_censored,2019-2021,8,observed_exact
USA,United States,2021,2020-2022,0,2.5,left_censored,2020-2022,8.6,observed_exact
USA,United States,2022,2021-2023,0,2.5,left_censored,2021-2023,9.3,observed_exact
USA,United States,2023,2022-2024,0,2.5,left_censored,2022-2024,10.4,observed_exact
VNM,Viet Nam,2010,2009-2011,10.4,10.4,observed_exact,,,
VNM,Viet Nam,2011,2010-2012,9.3,9.3,observed_exact,,,
VNM,Viet Nam,2012,2011-2013,8.8,8.8,observed_exact,,,
VNM,Viet Nam,2013,2012-2014,8.4,8.4,observed_exact,,,
VNM,Viet Nam,2014,2013-2015,8.3,8.3,observed_exact,,,
VNM,Viet Nam,2015,2014-2016,8,8,observed_exact,2014-2016,,published_missing
VNM,Viet Nam,2016,2015-2017,7.7,7.7,observed_exact,2015-2017,,published_missing
VNM,Viet Nam,2017,2016-2018,7.3,7.3,observed_exact,2016-2018,6.3,observed_exact
VNM,Viet Nam,2018,2017-2019,6.9,6.9,observed_exact,2017-2019,6.3,observed_exact
VNM,Viet Nam,2019,2018-2020,6.4,6.4,observed_exact,2018-2020,6.5,observed_exact
VNM,Viet Nam,2020,2019-2021,5.9,5.9,observed_exact,2019-2021,7.6,observed_exact
VNM,Viet Nam,2021,2020-2022,5.6,5.6,observed_exact,2020-2022,9,observed_exact
VNM,Viet Nam,2022,2021-2023,5.9,5.9,observed_exact,2021-2023,10.8,observed_exact
VNM,Viet Nam,2023,2022-2024,6.1,6.1,observed_exact,2022-2024,10.7,observed_exact
ZAF,South Africa,2010,2009-2011,4.1,4.1,observed_exact,,,
ZAF,South Africa,2011,2010-2012,4.5,4.5,observed_exact,,,
ZAF,South Africa,2012,2011-2013,4.6,4.6,observed_exact,,,
ZAF,South Africa,2013,2012-2014,5,5,observed_exact,,,
ZAF,South Africa,2014,2013-2015,5.6,5.6,observed_exact,,,
ZAF,South Africa,2015,2014-2016,6,6,observed_exact,2014-2016,,published_missing
ZAF,South Africa,2016,2015-2017,6,6,observed_exact,2015-2017,,published_missing
ZAF,South Africa,2017,2016-2018,5.8,5.8,observed_exact,2016-2018,,published_missing
ZAF,South Africa,2018,2017-2019,6.1,6.1,observed_exact,2017-2019,17.4,observed_exact
ZAF,South Africa,2019,2018-2020,7.1,7.1,observed_exact,2018-2020,18.2,observed_exact
ZAF,South Africa,2020,2019-2021,8.6,8.6,observed_exact,2019-2021,19,observed_exact
ZAF,South Africa,2021,2020-2022,9.6,9.6,observed_exact,2020-2022,19.2,observed_exact
ZAF,South Africa,2022,2021-2023,10.2,10.2,observed_exact,2021-2023,20,observed_exact
ZAF,South Africa,2023,2022-2024,10.5,10.5,observed_exact,2022-2024,20.3,observed_exact
